nombre,precio
Abrazadera 1 Luz 3/4 Agua S/M,1.0
Abrazadera 3/4 Luz S/M,0.4
ABRAZADERA 5/8 1 OREJA S/M,0.3
ABRAZADERA GALVANIZADA SIN FIN 5/8 C&A,0.46
ACCESORIO PARA WATER C/JALADOR BOYA NEGRA C&A,18.58
ACCESORIO PARA WATER C/JALADOR BOYA NEGRA HYDRA,16.0
ACCESORIO PARA WATER C/PULSADOR C&A,22.0
ACEITE 20W-50 BLINDAX SUPER 1/4GL VISTONY,20.0
ACEITE 20W-50 RAYVON 4T PARA MOTOCICLETA 1 LT GL VISTONY,22.5
ACEITE 25W-60 ACEITE DE MOTOR CASTROL,23.0
ACEITE 25W-60 BLINDAX ALTO KLM GASOLINERO X 1LT VISTONY,18.0
ACEITE 25W-60 FORZA VIS MULTIGRADO DIESEL X 1LT VISTONY,17.0
ACEITE 2T 200ML VISTONY,3.5
ACEITE 3000 4T 20W50 MOTUL,30.0
ACEITE 4T MOTOKAR DOYPACK VISTONY,15.27
ACEITE LUBRICANTE 30ML 3 EN 1,6.5
ACEITE LUBRICANTE 90ML 3 EN 1,10.0
Aceite P/Maquina Grande 60ml A-1 A-1,4.0
ACEITE RP RIDER TOWN 4T 20W50 12 X 1LT REPSOL,21.95
ACELERANTE DE FRAGUA CHEMA 3 (CILINDRO 55GLS) CHEMA,1390.0
ACELERANTE PARA CONCRETO CHEMA 3 CHEMA,45.5
ACIDO ESPECIAL KRIZZAL,5.57
Acido Muriatico LUKAS,5.5
Acido Muriatico Medio Litro PLUS,3.0
ADAPTADOR CPVC 1/2 PAVCO,1.5
ADAPTADOR DE BRONCE 1/2 X 1 1/4 VALMAX,4.0
ADAPTADOR DE ENCHUFE UNIVERSAL SWIFT,4.44
ADAPTADOR ELECTRICO TRIPLE TIPO T HOME LIGHT,3.5
Adaptador Pvc 1 PAVCO,3.78
Adaptador Pvc 1 PLASTICA,2.0
Adaptador Pvc 1/2 HECHIZA,1.0
Adaptador Pvc 1/2 PAVCO,1.72
Adaptador Pvc 1/2 PLASTICA,1.1
Adaptador Pvc 3/4 PAVCO,2.9
Adaptador Pvc 3/4 PLASTICA,1.2
ADOQUIN 10 X 20 CM S/M,0.87
Afirmado Por Lata S/M,1.0
Afirmado S/M,37.8
AFLOJATODO VISTONY,13.0
AGUARRAS 1 LITRO 305 SADEV,9.5
Alambre Galvanizado 16 VELKAS,10.0
Alambre Negro 08 PRODAC,5.45
Alambre Negro 16 PRODAC,4.85
Alambre Puas 200m C&A,50.11
ALAMBRE PUAS X 180 MT C&A,38.0
ALAMBRE PUAS X 200MT PRODAC,55.87
Alambre Tw 14 INDECO,1.5
Alcayata 1 Pl S/M,15.0
Alcayata 2 1/2 (4.0x0.65) Caja X 71unid S/M,0.3
ALCAYATA 2 VARIOS,0.19
ALCAYATA 3 (56 UNID-0.50KG) VARIOS,0.4
Alcohol 96░ LUCAS,10.0
Alicate Corte 6 C&A,11.0
ALICATE CORTE 6 KAMASA,11.0
ALICATE PRESION C/JEBE 10 PL ASAKI,16.0
Alicate Punta 6 C&A,10.14
ALICATE PUNTA S/M,8.0
Alicate Universal 8 C&A,10.0
Alicate Universal 8 GANGLI TOOLS,10.0
Alicate Universal 8 KAMASA,13.36
ALQUILER  DE VOLQUETE  DE 17 M3 PARA TRASLADO  DE MATERIALES POR  5.60 HORAS S/M,0.0
Ambientador Bidon X 4lt KRIZZAL,16.0
Ambientador X Litro Surtido KRIZZAL,4.0
AMOLADORA W-AG0115 WINGS,110.0
Anillo De Cera C/G MAGNUN,6.0
Anillo De Cera C/G METUSA,6.66
Anillo De Cera S/G MAGNUN,5.0
Anillo Iso De Jebe 160mm 6pl Alcantarillado S/M,5.0
Anillo Plano 1/4 S/M,0.0
APLICADOR SILICONA C/CREMALLERA UYUSTOOLS,10.0
Aplicador Silicona T/Esqueleto C&A,5.45
APLICADOR SILICONA T/ESQUELETO TRUPER,12.0
Arco De Sierra 12 C/Naranja SCHUBERT,12.0
Arco De Sierra 12pl M/Plastico C&A,11.0
Arco De Sierra M/Amarillo 12 EUROTOOLS,10.5
ARCO DE SIERRA PROFESIONAL ALTA TENSION 12 TRUPER,48.0
Arena Amarilla Por Lata S/M,2.0
Arena Amarilla S/M,52.37
Arenilla Fina Por Lata S/M,1.5
Arenilla S/M,37.33
Armella Cerrada 1 1/2 Pl S/M,0.87
Armella Cerrada 1 Pl S/M,0.62
Asiento Para Water Pvc Blanco FIORI,14.0
AUTOPERFORANTE 8 X 1 PL S/M,0.1
BADILEJO M/GOMA 6 KAMASA,7.5
BADILEJO M/GOMA 7 KAMASA,8.5
BADILEJO M/MADERA 6 C&A,5.0
BADILEJO M/MADERA 7 C&A,5.0
Barra Para Extension MEGALUZ,3.5
BARRA PARA TOMACORRIENTE 4 ENTRADAS P/T GRIS MEGALUZ,4.0
BARRETA LISA PALA ANCHA 7/8 S/M,58.0
BASE AL ACEITE GRIS AUTOMOTRIZ YMOPSA,94.71
Base Zincromato 1/4 Galon VELSALIT,15.62
Base Zincromato Galon VELSALIT,35.0
BISAGRA 1 1/2 BISA,1.5
Bisagra 2 1/2 BISA,1.92
Bisagra 2 BISA,1.46
Bisagra 3 1/2 BISA,2.5
Bisagra 3 BISA,2.5
Bisagra 4 BISA,3.0
Bisagra Fija Aluminizada 2 1/2 ALUMINIZADA,2.0
Bisagra Fija Aluminizada 2 ALUMINIZADA,1.7
Bisagra Fija Aluminizada 3 ALUMINIZADA,2.5
Bisagra Fija Aluminizada 4 ALUMINIZADA,6.0
BOMBA PERIFERICA 1 HP AGUA 220V/60HZ VELKAS,254.0
BOMBA PERIFERICA 1 HP AGUA APM75 LEO,365.0
BORNES PARA BATERIA KAMASA,6.0
Bornes Para Bateria UYUSTOOLS,7.0
Broca Para Concreto 1/2-13mm VARIOS,10.88
Broca Para Concreto 1/4-6.5mm VARIOS,4.88
Broca Para Concreto 1/8-3mm VARIOS,2.6
Broca Para Concreto 3/16-5mm VARIOS,4.7
Broca Para Concreto 3/8-10mm VARIOS,5.56
Broca Para Concreto 5/16-8mm VARIOS,6.6
Broca Para Concreto 5/32-4mm VARIOS,2.4
Broca Para Concreto x Juego PRETUL,12.0
Broca Para Fierro Hss 1/16 VARIOS,2.0
Broca Para Fierro Hss 1/2 VARIOS,12.0
Broca Para Fierro Hss 1/32 VARIOS,1.7
Broca Para Fierro Hss 1/4 VARIOS,3.41
Broca Para Fierro Hss 3/16 VARIOS,3.5
Broca Para Fierro Hss 3/32 VARIOS,1.6
Broca Para Fierro Hss 3/8 VARIOS,8.0
Broca Para Fierro Hss 5/16 VARIOS,5.5
Broca Para Fierro Hss 5/32 VARIOS,2.6
Broca Para Fierro x Juego PRETUL,12.0
Broca Para Madera x Juego TRUPER,12.0
Brocha De Nylon M/Madera 1 C&A,1.78
BROCHA DE NYLON M/MADERA 1 TUMI,3.0
Brocha De Nylon M/Madera 1/2 C&A,1.2
Brocha De Nylon M/Madera 2 1/2 C&A,3.52
Brocha De Nylon M/Madera 2 C&A,3.0
Brocha De Nylon M/Madera 3 C&A,4.5
Brocha De Nylon M/Madera 3/4 C&A,1.9
Brocha De Nylon M/Madera 4 C&A,5.68
Brocha De Nylon M/Madera 5 C&A,7.0
BROCHA DE NYLON M/PLASTICO 1 COPERSA,1.5
BROCHA DE NYLON M/PLASTICO 11/2 COPERSA,2.0
BROCHA DE NYLON M/PLASTICO 21/2 COPERSA,3.0
BROCHA DE NYLON M/PLASTICO 3 COPERSA,4.0
Bushing Pvc 1 A 1/2 INYECTOPLAST,2.5
Bushing Pvc 1 A 3/4 INYECTOPLAST,1.8
Bushing Pvc 1/2 A 1/2 TRANSFORMADO,1.5
Bushing Pvc 3/4 A 1/2 INYECTOPLAST,1.5
CABEZA DE DEUCHA 1/2 CROMADA CIRCULAR 6 PL C&A,35.0
Cabeza De Ducha 1/2 Cromada Cuadrada C&A,15.83
CABEZA DE DUCHA 1/2 CROMADA CUBICA C&A,15.0
CABEZA DE DUCHA CROMADA CIRCULAR 6 C&A,24.0
Cabeza Ducha Cromada Peque±a C&A,14.62
Cabeza Ducha pvc grande Completa S/M,4.0
Cable Mellizo 2x16 INDECO,2.49
Cable Mellizo 2X18 INDECO,1.33
Cable Nh-80 0.45/0.75 Kv 2.5 Mm2 Amarillo-Verde INDECO,3.0
CABLE P/PARLANTE ROJO Y NEGRO N20 S/M,1.0
"CABLE THW-90 + PLUS, 12 AWG INDECO",2.31
"CABLE THW-90 + PLUS, 14 AWG INDECO",1.81
CABLE UTP 3050 GR CAT. 5E 4 PAIR SOLIDO DIXON,0.7
CABLE VULCANIZADO 2 X 16 ACUSTIC,1.95
CABLES PASA VOLTAJE 10 X 2.5 MTRS PRETUL,25.0
Cadena De Seguridad Acerado FIGTHER,10.0
CAJA 12 POLOS P/EMPOTRAR KBA,26.23
Caja 12 Polos P/Empotrar XACE,21.0
Caja 2 Polos P/Empotrar KBA,6.7
Caja 2 Polos P/Empotrar XACE,6.0
Caja 3 Polos P/Empotrar KBA,8.0
Caja 4 Polos P/Empotrar KBA,15.22
Caja 5 Polos P/Empotrar APG,12.0
Caja 5 Polos P/Empotrar KBA,14.0
Caja 6 Polos P/Empotrar KBA,16.38
Caja 8 Polos P/Empotrar KBA,21.23
CAJA CONCRETO DESAGUE BASE S/M,14.62
CAJA CONCRETO DESAGUE EXTENSION S/M,15.0
CAJA CONCRETO DESAGUE INTERMEDIA S/M,13.5
CAJA CONCRETO DESAGUE PESTAÐA S/M,13.76
CAJA CONCRETO DESAGUE TAPA S/M,12.09
CAJA CONCRETO PARA AGUA CON TAPA DE PLASTICO S/M,42.0
Caja Concreto Para Agua CONCRETO,22.54
Caja Concreto Puesta A Tierra CONCRETO,15.0
Caja De Pase 100 X 100 X 70 XACE,7.0
Caja De Pase 150 X 150 X 80 XACE,12.0
Caja De Pase 200 X 200 X 80 XACE,18.0
CAJA DE PASE FIERRO 100 X 100 X 50 JORME,10.0
Caja De Pase Liso 10.2 X 10.2 X 5.5 STECK,10.0
Caja De Pase Liso 23.4 X 17.4 X 9 STECK,28.0
Caja Octagonal AMERICA,0.97
Caja Octagonal PAVCO,2.22
CAJA OCTOGONAL FIERRO 3/4 LIVIANA (0.9MM) JORME,5.0
Caja Piramide P/Cuchilla Sobreponer 2 Polos S/M,3.95
CAJA PORTA MEDIDOR METALICO S/M,33.0
CAJA PORTA MEDIDOR PLASTICO S/M,42.0
Caja Rectangular AMERICA,0.87
CAJA RECTANGULAR FIERRO 1/2 LIVIANA (0.9MM) JORME,5.0
Caja Rectangular PAVCO,2.23
CAJA RECTANGULAR UNIVERSAL PARA SOBREPONER HOME LIGHT,5.0
Cal Por Kilo CAL,0.55
CAL SACO POR 30 KG CAL,10.0
Cal Saco Por 50 Kg CAL,15.0
CALAMINA 0.14 X 3.60 X 0.80 ACEROS AREQUIPA,17.0
CALAMINA 0.14 X3.60X0.80 JR,16.0
Calamina 0.14x1.80x0.80 PRODAC,9.19
CALAMINA 0.14X3.60X0.80 TORTUGA,26.0
Calamina 0.18x3.60x0.80 IMPORTADA,28.0
Calamina 0.20x1.80x0.80 ACEROS AREQUIPA,11.5
Calamina 0.20x3.60x0.80 TORTUGA,32.0
CALAMINA 0.22X1.80X0.80 ALUZINC TECHOMACHO,19.0
CALAMINA 0.22X3.60X0.80 ACEROS AREQUIPA,25.0
CALAMINA 0.22X3.60X0.80 PRODAC,23.81
CALAMINA 0.22X3.60X0.80 TORTUGA,26.0
CALAMINA ROJA 0.22X3.60X0.83 ROOFING SHEET,27.0
Calamina Traslucida Gran Onda TECHITO,92.0
Calamina Traslucida Perfil 4 TECHITO,36.0
Calamina Traslusida onda 76 1.80x0.84 Liviana TECHITO,22.0
Calamina Traslusida onda 76 3.60x0.84 Liviana TECHITO,42.0
CAMARA DE SEGURIDAD PANORAMICA E27 HOME LIGHT,55.0
Camara P/Llanta Carretilla TRUPER,12.0
Canaleta 10x15 HOME LIGHT,2.16
CANALETA 10X20 (3/4) HOME LIGHT,2.3
CANDADO 60 MM CANTOL,42.0
Candado Dorado 32 Mm ECONOMICA,4.5
Candado Dorado 38mm ECONOMICA,5.5
Candado Dorado 50mm ECONOMICA,6.72
Candado Dorado 63 Mm ECONOMICA,8.97
Candado Essential 50 Mm YALE,40.0
Candado Essential 60 Mm YALE,49.0
Ca±o Botadero Bronceado Liso C&A,9.5
Ca±o Botadero M/Redondo Metal C&A,9.27
Ca±o Cromado Lavatorio GRIFEMA,25.0
CAÐO JARDINERO  DE METAL ROJO  1/2 ( ITALY ),11.79
Ca±o Jardinero Bronceado Liso C&A,9.31
CAÐO JARDINERO CIM,38.5
Ca±o Jardinero M/Rojo Metal C&A,10.72
Ca±o Jardinero Naranja PCP,17.61
CAÐO JARDINERO POLIPROPILENO COLORES VARIOS C&A,8.0
Ca±o Jardinero Pvc Blanco PERU TOOLS,5.0
CAÐO JARDINERO PVC BLANCO TOSISAC,3.7
Ca±o P/Lavanderia 1/2 C&A,15.41
Capuchon Pvc Rojo VARIOS,0.2
CARETA PARA SOLDA /CABECERA AMARILLA C&A,22.0
CARRETILLA RHINO AMARILLA RHINO,130.0
CARRETILLA T/BUGGY C/LLANTA REF T/HOJA AZUL 5.5P C&A,155.0
CARRETILLA T/BUGGY C/LLANTA REF T/HOJA AZUL 5.5P TRUPER,220.0
CARRETILLA T/BUGGY C/LLANTA REF T/HOJA GRIS 5.3P C&A,195.0
CARRETILLA T/BUGGY C/LLANTA REF T/ROMBO AZUL 5P C&A,130.0
CASCO DE SEGURIDAD AMARILLO S/M,0.0
CASCO DE SEGURIDAD AZUL C&A,9.5
CASCO DE SEGURIDAD BLANCO C&A,10.0
CEMENTO ALBAÐILERIA CEMEX,27.0
CEMENTO ALBAÐILERIA NACIONAL,26.0
CEMENTO AZUL ANTISALITRE HOLCIM,32.4
Cemento Azul Antisalitre MOCHICA,33.98
Cemento Azul Antisalitre PACASMAYO,35.01
CEMENTO AZUL ANTISALITRE QHUNA,32.0
Cemento Blanco KOLORCIX,3.0
CEMENTO HE ESTRUCTURAL CEMEX,31.0
CEMENTO HS ANTISALITRE CEMEX,30.98
CEMENTO ROJO HOLCIM,29.5
CEMENTO ROJO MOCHICA,30.81
CEMENTO ROJO PACASMAYO,32.34
CEMENTO ROJO QHUNA,29.04
CEMENTO TIPO I CEMEX,32.0
Cemento VARIOS,1.0
CERA ROJA AL AGUA X 4LT LUKAS,27.2
CERA ROJA SILICONEADA X 1LT LUCAS,7.0
CERA VERDE SILICONEADA X 1 LT LUKAS,7.0
Cerradura 226 FORTE,73.0
Cerradura 240 FORTE,73.0
Cerradura 3 Golpes Pines 1010 YALE,68.0
Cerradura 333 2 Pines TRAVEX,52.0
CERRADURA 3GOLPES BARRA CON CADENA WINGS,25.0
Cerradura 444 Barra TRAVEX,52.0
Cerradura Clasica 2 Pines 250 CANTOL,80.0
Cerradura De Pomo Acero Inox OLYMPO,20.0
CERRADURA INTERIOR BOLA WINGS,14.25
CERRADURA INTERIOR CROMADA FORTE,44.0
Cerradura para Escritorio YALE,3.0
CERRADURA SUPER 800 CANTOL,87.0
Cerrojo 2 Dorado BESTOOL,3.5
Cerrojo 5/16 X 3 1/2 Pl SANSON,4.34
CERROJO N0 21/2 PL SANSON SANSON,2.5
CERROJO N1 31/2 PL SANSON SANSON,2.5
CERROJO N2 5 PL SANSON SANSON,3.5
CERROJO N3 6 PL SANSON,5.0
Cerrojo N4 8pl SANSON,9.0
CHALECO POLIESTER NARANJA C&A,6.5
CHAPA BOLA CROMADO C&A,15.0
Chema 4l Liquida CHEMA,30.0
CINCEL PLANA 12 C/PROTECTOR KAMASA,14.0
CINCEL PLANO F/CORRUGADO 3/4 S/M,6.0
Cincel Punta ASAKI,12.0
CINCEL PUNTA F/CORRUGADO S/M,6.0
CINTA AISLANTE 1700 3M,9.0
Cinta Aislante 3/4 X 10mt INDECO,0.0
Cinta Aislante 3/4 X 20mt INDECO,0.0
CINTA AISLANTE 3M 155 GRANDE 3M,4.76
CINTA AISLANTE 3M 155 PEQUEÐO 3M,2.5
CINTA AISLANTE 3M 165 19MMX18.3M AMARILLO 3M,7.49
CINTA AISLANTE 3M 165 19MMX18.3M AZUL 3M,7.49
CINTA AISLANTE 3M 165 19MMX18.3M NEGRA 3M,7.5
CINTA AISLANTE 3M 165 19MMX18.3M ROJO 3M,7.49
Cinta Aislante Grande TECNOFAN,4.0
CINTA AISLANTE PEQUEÐO KNAUF,1.5
Cinta Aislante Peque±o TECNOFAN,2.0
Cinta De Seguridad Amarilla X Rollo S/M,48.67
CINTA EMBALAJE 2 X 165 YDS KNAUF,4.7
CINTA EMBALAJE 2 X 200 YDS KNAUF,9.06
CINTA MASKETING 1 3M,5.5
Cinta Masketing 1 PEGAFAN,5.57
Cinta Masketing 1/2 PEGAFAN,2.5
Cinta Masketing 2 PEGAFAN,8.63
Cinta Masketing 3/4 PEGAFAN,4.0
Cinta P/Medir Plastica 50 Metros ASAKI,24.0
CINTA P/MEDIR PLASTICA 50 METROS WINGS,18.0
Cinta Reflectiva 3m 2 Pl Rojo/Blanco 3M,12.0
CINTA REFLECTIVA BLANCO/ ROJO 2 PLG KNAUF,6.0
Cinta Teflon 1/2 X 12m C&A,1.09
Cinta Teflon P/Gas Amarilla 1/2 Magnun MAGNUN,1.46
Cinta Teflon P/Gas Amarilla 3/4 Magnun MAGNUN,2.5
Cizalla 12 M/Tubular C&A C&A,24.15
CIZALLA 14 M/TUBULAR PROFIELD,35.0
Cizalla 18 M/Tubular C&A C&A,30.61
CLAVERA D/CUERO + CORREA GRANDE S/M,23.0
CLAVO ACERO 1 1/2-3.5X50MM CAJ-1KG (416UNI) VARIOS,0.1
CLAVO ACERO 1(CAJA 345 X 1KG) VARIOS,0.1
CLAVO ACERO 2 1/2-3.5X60MM CAJ-0.50KG(72 UNID) VARIOS,0.29
CLAVO ACERO 2-3.5X50MM CAJ-1KG (247UNI) VARIOS,0.2
CLAVO ACERO 3-4.3X75MM CAJ-1KG (104UNI) VARIOS,0.3
Clavo Acero 4-4.5X100mm Caj X 81unid X Kg VARIOS,0.4
Clavo Acero 5 P Caj X 1 Kg 58 Unid VARIOS,0.5
CLAVO P/MADERA 1 1/2 CONFER CONFER,8.28
Clavo P/Madera 1 Confer CONFER,8.28
Clavo P/Madera 2 1/2 Confer CONFER,4.4
Clavo P/Madera 2 Confer CONFER,4.54
Clavo P/Madera 3 Confer CONFER,4.63
Clavo P/Madera 4 Confer CONFER,4.63
CLAVO P/MADERA 5 CONFER CONFER,9.94
Clavo P/Madera 6 Confer CONFER,8.47
Clavo P/Madera 7 Confer CONFER,9.52
Clavo Para Calamina C&A C&A,8.5
CLAVO PARA CALAMINA C/ARANDELA C&A,8.91
Codo Bronce 1/2 VALMAX,3.53
Codo Cachimba 6pl 160mm X 110mm S/M,22.0
CODO CACHIMBA 6PL 200MM X 160MM(6A6) S/M,32.0
Codo Cpvc 1/2 Sp PAVCO,1.5
Codo Cpvc 3/4 Sp PAVCO,3.25
Codo Fierro G. 1 FIERRO G,6.3
Codo Fierro G. 1/2 FIERRO G,2.59
Codo Fierro G. 3/4 FIERRO G,3.5
Codo Pvc 1 C/Rosca PAVCO,6.0
Codo Pvc 1 C/Rosca PLASTICA,3.45
CODO PVC 1 SP GERFOR,4.0
CODO PVC 1 SP KOPLAST,2.5
Codo Pvc 1 Sp PAVCO,2.97
CODO PVC 1 SP PLASTICA,2.57
Codo Pvc 1/2 C/Rosca NICOL,1.0
Codo Pvc 1/2 C/Rosca PAVCO,2.5
Codo Pvc 1/2 Sp GERFOR,2.0
CODO PVC 1/2 SP KOPLAST,1.3
Codo Pvc 1/2 Sp PAVCO,2.33
CODO PVC 1/2 SP PLASTICA,1.78
Codo Pvc 2 Sp PAVCO,14.0
Codo Pvc 3/4 C/Rosca PAVCO,4.0
Codo Pvc 3/4 C/Rosca PLASTICA,2.5
Codo Pvc 3/4 Sp PAVCO,4.11
Codo Pvc 3/4 SP PLASTICA,2.4
Codo Pvc Mixto 1 INYECTOPLAST,3.0
Codo Pvc Mixto 1/2 KOPLAST,1.0
Codo Pvc Mixto 1/2 PAVCO,2.55
CODO PVC MIXTO 1/2 PLASTICA,1.28
Codo Pvc Mixto 3/4 INYECTOPLAST,2.0
CODO PVC MIXTO 3/4 PAVCO,4.0
Codo Sal 2 KOPLAST,2.0
Codo Sal 2 PAVCO,2.87
Codo Sal 2 PLASTICA,1.7
Codo Sal 3 PAVCO,8.52
Codo Sal 3 PLASTICA,6.48
CODO SAL 4 PAVCO,9.56
CODO SAL 4 PLASTICA,6.03
Codo Sal 4x2 PAVCO,12.64
Codo Sal 4x2 PLASTICA,8.5
Codo Sal 6x90 S25 160mm Naranja S/M,28.0
COLA SINTETICA 1 KG LOSARO,10.0
COLA SINTETICA 1/2 KG VELSALIT,5.5
Cola Sintetica Clasica TEKNOCOLA,14.0
Cola Sintetica VELSALIT,10.0
Comba 20 Libras TRUPER,95.0
Comba 4 Lbs SCHUBERT,30.0
COMBA C/MANGO FIBRA DE VIDRIO 8LBS C&A,45.0
Comba C/Mango Madera 4lbs C&A,23.66
Comba De Goma 500 Gr M/Madera VARIOS,12.73
CONECTOR LUZ SAP 1 PAVCO,1.5
CONECTOR LUZ SAP 3/4 PAVCO,1.5
CONECTOR LUZ SEL 3/4 PAVCO,0.8
Confitillo Fino Por Lata S/M,2.0
Confitillo Fino S/M,68.75
CORDON VULCANIZADO 2X12 NMT(SJT-0) INDECO INDECO,6.5
CORDON VULCANIZADO 2X16 NLT(SVT-0) INDECO,4.0
CRUZETA 2 MM 100UND VARIOS,3.0
CRUZETAS 1 MM 100UND VARIOS,3.0
Cruzetas 2 mm x 200 Unid Uyustoll UYUSTOOLS,6.0
Cruzetas 3x3 mm 100und VARIOS,5.0
CUCHILLO CARTONERO CUTER C&A,2.5
CUCHILLO CARTONERO CUTER EUROTOOLS,0.83
CURVA LUZ SAP 1 PAVCO,2.5
CURVA LUZ SAP 3/4 PAVCO,2.0
Curva Sel 1 PAVCO,1.5
Curva Sel 3/4 PAVCO,0.5
Curva Sel 3/4 PLASTICA,0.35
Curva Sel 5/8 PAVCO,0.5
Desague Para Lavadero Con Coleta Pvc PICETTI,10.0
DESARMADOR REVERSIBLE 5 X 70 C&A,1.5
Desarmador Reversible 5 X 75 C&A,1.93
Desarmador Reversible 5x65 WINGS,2.3
Desarmador Reversible 6 X 90 C&A,2.24
DESARMADOR REVERSIBLE 6X35 C&A,2.2
DESARMADOR REVERSIBLE JUEGO DE 4 UNID C&A,8.5
DESARMADOR REVERSIBLE M/ERGON 6 X 100MM C&A,5.32
Desatorador Para Water S/M,4.16
DIAFRACMA O SAPITO SANY,8.5
Disco Corte Concreto 4 1/2 Continuo KAMASA,11.43
Disco Corte Concreto 4 1/2 KAMASA,9.5
DISCO CORTE CONCRETO 4 1/2 UYUSTOOLS,9.0
DISCO CORTE CONCRETO 4 1/2 WINGS,9.0
Disco Corte Concreto 7 KAMASA,19.17
Disco Corte Concreto 7 WINGS,18.0
DISCO CORTE CONCRETO DIAMANTADO 9 KAMASA,36.0
DISCO CORTE FIERRO 4 1/2 3M,5.45
Disco Corte Fierro 4 1/2 DEWALT,4.33
Disco Corte Fierro 4 1/2 NORTON,3.03
DISCO CORTE FIERRO 4 1/2 PRETUL,2.5
Disco Corte Fierro 7 3M,7.0
DISCO CORTE FIERRO 7 CLASSIC NORTON,5.5
Disco Corte Fierro 7 DEWALT,6.27
DISCO CORTE MADERA 10 UYUSTOOLS,24.0
DISCO CORTE MADERA 4 1/2 24T KAMASA,7.57
DISCO CORTE MADERA 4 1/2 40T KAMASA,9.26
Disco Corte Madera 4 1/2 ANDINO,9.0
DISCO CORTE MADERA 4 1/2 ASAKI,10.0
DISCO CORTE MADERA 7  40T ASAKI,18.0
DISCO CORTE MADERA 7 24T KAMASA,16.41
DISCO DE LIJAS FLAP PULIR P60 115MM BESTOOL,5.0
DISCO DE LIJAS FLAP PULIR P60 ASAKI,5.0
DISCO DE LIJAS FLAP PULIR P60 VARGYOV,4.0
Disco Desbaste 4 1/2 DEWALT,6.0
Disco Desbaste 7 DEWALT,10.0
DISCO PARA PULIR CONCRETO 4 1/2 VARGYOV,24.0
DISCO PLATO C/LIJA 4 1/2 VARGYOV,6.5
DISCO TRONZADORA 14 BOSCH,18.0
DISCO TRONZADORA 14 DEWALT,19.99
DISCO TRONZADORA 14 NORTON,25.0
DRIZA  AZUL S/M,1.06
DRIZA AMARILLA VARIOS,1.0
DRIZA POLIPROPILENO 1/4 AZUL(42MT X 5KG) C&A,0.72
DRIZA POLIPROPILENO 1/8 AZUL (196 MTS1KG) C&A,0.27
DRIZA POLIPROPILENO 3/16 ROJO (70MTX5KG) C&A,0.48
DRIZA POLIPROPILENO 5/16 BLANCO C&A,1.5
DRIZA POLIPROPILENO 7/16 BLANCO C&A,1.49
ELECTROBOMBA 0.5 HP CENTRIFUGA CM50 220-60 PENTAX,486.11
ELECTRONIVEL 3 MTS C&A,20.0
Electronivel 3 Mts ROTOPLAST,60.86
Eliminacion De Desmonte S/M,48.0
Enchufe De Colores EUROLITE,1.8
ENCHUFE INDUSTRIAL C/TIERRA HOME LIGHT,3.0
ENCHUFE INDUSTRIAL S/TIERRA HOME LIGHT,4.59
Enchufe Negro PLANO HOME LIGHT,1.04
Escalera T/Tijera 4p C/Band 150 Kg TRUPER,180.0
Escobilla Amarilla Para Fierro KAMAZAKI,10.0
Escobilla copa 3 Trensado KHOPPER,5.5
Escobilla Copa Trenzado 3pl C/Blister C&A,12.0
Escobilla Fierro Acerado 4x14 C&A,3.47
Escobilla Fierro WINGS,4.0
Escobilla Para Fierro TRUPER,8.0
ESCOBILLON 41CM HUDE,14.0
ESCOBILLON CHINITA COLORES CON PALO IMPORTADA,9.0
ESCOBILLON ITALIANA,10.0
ESCOBILLON PODEROSA CLASICA VIRUTEX,13.0
ESCOBITA DE MANO DE PLASTICO KAMASA,5.0
Escuadra 10 ASAKI,15.0
Escuadra 12 ASAKI,12.8
Escuadra 8 X 12 ASAKI,9.0
Escuadra Carpintero 8 ASAKI,9.0
ESCUADRA FIERRO 6 PLG UYUSTOOLS,7.5
ESCUADRA FIERRO 8 PLG UYUSTOOLS,8.51
Esmalte 1/16 Amarillo Md VARIOS,7.47
Esmalte 1/16 Azul Naval VARIOS,7.0
Esmalte 1/16 Bayo VARIOS,7.0
Esmalte 1/16 Blanco VARIOS,7.47
Esmalte 1/16 Caoba VARIOS,7.0
Esmalte 1/16 Crema VARIOS,7.0
Esmalte 1/16 Gris Claro VARIOS,7.0
Esmalte 1/16 Gris Oscuro VARIOS,7.0
Esmalte 1/16 Negro VARIOS,7.0
Esmalte 1/16 Nogal VARIOS,7.0
ESMALTE 1/16 ROJO BERMELLON VARIOS,7.0
Esmalte 1/16 Verde Cromo VARIOS,7.0
Esmalte 1/32 Amarillo Md VARIOS,4.0
Esmalte 1/32 Azul Electrico VARIOS,4.5
Esmalte 1/32 Azul Ultramar VARIOS,4.0
Esmalte 1/32 Bayo VARIOS,4.0
Esmalte 1/32 Blanco VARIOS,5.28
Esmalte 1/32 Caoba VARIOS,4.0
Esmalte 1/32 Celeste VARIOS,4.0
Esmalte 1/32 Gris Claro VARIOS,5.26
Esmalte 1/32 Gris Oscuro VARIOS,4.0
Esmalte 1/32 Naranja VARIOS,4.0
Esmalte 1/32 Negro VARIOS,4.8
Esmalte 1/32 Nogal VARIOS,4.0
Esmalte 1/32 Verde Esmeralda VARIOS,4.0
Esmalte 1/4 Amarillo Md VARIOS,13.0
Esmalte 1/4 Azul Electrico VARIOS,13.0
Esmalte 1/4 Azul Ultramar VARIOS,13.5
Esmalte 1/4 Bayo VARIOS,13.0
Esmalte 1/4 Blanco VARIOS,14.3
Esmalte 1/4 Caoba VARIOS,14.18
Esmalte 1/4 Celeste VARIOS,13.0
Esmalte 1/4 Gris Claro VARIOS,13.5
Esmalte 1/4 Gris Oscuro VARIOS,13.0
Esmalte 1/4 Negro VARIOS,13.65
Esmalte 1/4 Nogal VARIOS,14.0
Esmalte 1/4 Verde Cromo VARIOS,13.0
Esmalte 1/8 Azul Ultramar VARIOS,9.89
Esmalte 1/8 Bayo VARIOS,8.0
Esmalte 1/8 Blanco VARIOS,9.5
Esmalte 1/8 Caoba VARIOS,9.5
Esmalte 1/8 Celeste VARIOS,8.0
Esmalte 1/8 Gris Oscuro VARIOS,8.0
ESMALTE 1/8 NEGRO VARIOS,9.5
Esmalte 1/8 Rojo Bermellon VARIOS,9.5
Esmalte 1/8 Rojo Oxido VARIOS,9.5
Esmalte 1/8 Verde Cromo VARIOS,9.5
ESMALTE DE GALON NEGRO VELSALIT,32.0
ESMERIL ANGULAR INDUS 41/2 1250W TRUPER,202.0
ESMERIL ANGULAR INDUS 41/2 720W GA4530 MAKITA,252.0
ESMERIL ANGULAR INDUS 41/2 840W 9557HPG MAKITA,304.0
ESPATULA M/GOMA 2 PRO C&A,3.5
Espatula M/Madera 1 1/2 C&A,3.0
Espatula M/Madera 2 C&A,3.0
Espatula M/Madera 3 C&A,3.66
Espatula M/Madera 4 C&A,4.0
ESPONJA DULOPILLO DOLOPIO,0.45
Eternit Gran Onda 3.05m X 1.10m ETERNIT,64.16
Eternit Perfil 4 3.05 X 1.10 ETERNIT,54.19
Extencion Amarilla C/3t 10mts OPALUX,25.0
Extencion Amarilla C/3t 5mts OPALUX,20.0
Extencion Naranja 15 Mt(50ft) ASAKI,32.0
Extension 10 Mt PROFIELD,22.0
Extension 15 Mt PROFIELD,30.0
EXTENSION C/3 TOMAS C/FOCO 10M HOME LIGHT,18.56
Extension C/3 Tomas C/Foco 15m HOME LIGHT,22.69
Extension C/3 Tomas C/Foco 20m HOME LIGHT,28.45
EXTENSION C/3 TOMAS C/FOCO 3M HOME LIGHT,11.4
EXTENSION C/3 TOMAS C/FOCO 5M HOME LIGHT,13.17
EXTENSION SIMPLE 3 MTS DIFESA,6.5
EXTENSION SIMPLE 5 MTS DIFESA,8.5
FIERRO 1 SIDERPERU,132.75
FIERRO 1/2 ARCELOR MITAL,34.69
Fierro 1/2 SIDERPERU,33.31
FIERRO 12 MM ARCELOR MITAL,30.44
Fierro 12 MM SIDERPERU,30.57
FIERRO 3/4 ARCELOR MITAL,79.99
Fierro 3/4 SIDERPERU,81.35
FIERRO 3/8 ARCELOR MITAL,18.64
FIERRO 3/8 METAL LOY,16.8
Fierro 3/8 SIDERPERU,19.01
FIERRO 5/8 ARCELOR MITAL,52.5
Fierro 5/8 SIDERPERU,52.4
Fierro 6 MM SIDERPERU,7.86
FIERRO 6MM ARCELOR MITAL,8.66
FIERRO 6MM PRODAC,6.77
FIERRO 8 MM ARCELOR MITAL,13.55
Fierro 8 MM SIDERPERU,14.04
Flete S/M,0.0
Flourecente Circular 22 w PHILIPS,8.5
Flourecente Led Linieal VARIOS,15.0
Foco 18 W 2 U±as PHELIPS,4.5
Foco 36 W PHELIPS,6.14
Foco 42 W PHELIPS,8.5
Foco 85 W PHELIX,15.0
FOCO EMPOTRABLE SPOT LIGHT P/OCTOGONAL 8W 7000K SWIFT,9.0
FOCO LED 10 W PHILIPS,9.84
Foco Led 12 W PHILIPS,10.0
FOCO LED 12 W SWIFT,4.66
Foco Led 14 W PHILIPS,12.0
Foco Led 15 W SWIFT,5.26
Foco Led 16 W PHILIPS,11.81
FOCO LED 18 W SWIFT,6.41
FOCO LED 20 W SWIFT,9.08
Foco Led 5 W FSL,8.5
Foco Led 7 W SWIFT,2.93
Foco Led 9 W FSL,9.0
FOCO LED 9 W SWIFT,5.0
FOCO LED DECORATIVO 36 W T/HELICE L/DIA HOME LIGHT,21.0
FOCO LED DECORATIVO 46 W T/HELICE L/DIA HOME LIGHT,24.83
FOCO LED GU 5.3-T11 5W 6500K SWIFT,7.0
Foco Led Nicroico KROSL,12.0
FOCO LED UFO CIRCULAR 24 W L/DIA HOME LIGHT,18.0
FOCO LED UFO CIRCULAR 40 W L/DIA HOME LIGHT,23.5
FOCO PANEL LED EMBUTIR DN030B RD90 6W PHILIPS,17.0
FOCO PARLANTE LED R-260 R-260,65.0
FOCO SENSOR EQUIPADA S/M,39.43
FOCO TIPO PLATO 25 W UFO DURALUX,12.0
FOCO TIPO PLATO 30 W UFO DURALUX,15.0
FOCO TIPO PLATO 40 W UFO DURALUX,18.0
FOCO TIPO PLATO 40 W UFO SWIFT,21.0
FOCO TIPO PLATO 50 W UFO SWIFT,25.0
Formador P/Empaquetadura 1/32 ADEX,9.54
Fortacho De Madera 18 X 13 S/M,11.0
Fortacho De Madera 25 X 17 S/M,18.0
Fortacho De Madera 30 X 20 S/M,22.5
Fortacho De Madera 36 X 22 S/M,32.0
FORTACHO DE MADERA 40 X 25 S/M,32.0
Fortacho De Madera 6 X 30 S/M,8.0
FORTACHO DE PLASTICO 20 X 15 S/M,10.0
FORTACHO DE PLASTICO 25 X 17 S/M,12.24
FORTACHO DE PLASTICO 27 X 18 S/M,13.0
FORTACHO DE PLASTICO 30 X 20 S/M,15.0
FORTACHO DE PLASTICO 38 X 24 S/M,18.0
FORTACHO DE PLASTICO 40 X 26 S/M,21.0
FORTACHO DE PLASTICO 6 X 30 S/M,8.0
FRAGUA BEIGGE SANSON,6.0
FRAGUA BLANCO SANSON,5.92
FRAGUA CELESTE CELIMA,8.0
FRAGUA CELESTE SANSON,6.0
FRAGUA COLORES VARIOS QUIZUD,5.01
FRAGUA CUERO SANSON,6.0
FRAGUA GRIS PLATA CHEMA,8.0
FRAGUA GRIS PLATA SANSON,7.11
FRAGUA HUESO SANSON,5.53
FRAGUA MADERA SANSON,7.5
FRAGUA MARRON SANSON,6.0
FRAGUA NEGRA SANSON,7.5
FRAGUADOR DE SANDALIA 10 X 20 S/M,8.5
FRAGUADOR DE SANDALIA 7 X 21 S/M,7.0
Fraguador De Sandalia 8 X 16 S/M,6.5
FRAGUADOR DE SANDALIA 9 X 14 S/M,6.5
FRANELA X METRO (60MT) S/M,6.5
Gancho Cuadrado 1/4 x 1 1/2 x 4 1/2 P4 S/M,1.0
Gancho Cuadrado 1/4 x 1 1/2 x 6 1/4 G.O S/M,1.3
Gancho Cuadrado 1/4 x 1 1/2x 5 1/4 P4 S/M,1.2
GANCHO J 1/4 X 2 1/2 S/M,0.4
GANCHO J 1/4 X 2 S/M,0.46
GANCHO J 1/4 X 3 S/M,0.5
GANCHO J 1/4 X 4 S/M,0.8
GANCHO J 1/4 X 5 S/M,0.8
Gata Hidraulica Tipo Botella 16 TRUPER,180.0
GLOS DE 1/4 GRIS GLOSS,28.0
GLOSS  DE 1/4  BLANCO GLOSS,26.0
GLOSS DE 1/4 COLOR NEGRO GLOSS,26.0
Grapa Para Cable Blanco 7mmx100unid UYUSTOOLS,5.0
Grapas Alambre Pua C&A,8.0
GRASA LITIO VISTONY,14.0
Gru±a De Canto TIGRE,6.0
Gru±a De Centro TIGRE,6.0
Guante Conveniente Talla M Clasica VIRUTEX,6.0
Guante Conveniente Talla S Clasica VIRUTEX,6.0
GUANTE DE BADANA VARIOS,7.0
GUANTE DE CARNAZACORTO C/ELASTICO TRUPER,16.0
Guante Jebe T/10 PROTEX,12.0
Guante Jebe T/8 PROTEX,10.0
Guante Jebe T/9 PROTEX,10.0
Guante Profesional Talla L C25 C&A,10.0
Guante Profesional Talla M C25 C&A,10.34
GUANTE TELA COLORES VARIOS FERRAWY,4.5
GUANTES DE HILO ANTICORTE ECON FERRAWY,2.85
Hisopo C/Base S/M,6.5
Hisopo S/Base S/M,3.0
HORA MAQUINA  MOTONIVELADORA CATERPILLAR,265.0
HORA MAQUINA CARGADOR FRONTAL 957H SINOMACH,250.0
HORA MAQUINA S/M,126.0
Hormigon Por Latas S/M,1.5
Hormigon S/M,35.0
HOZ DENTADA 16 C&A,12.0
Hoz Dentada Nr 0 De 16pl TRUPER,17.0
IMPERMEABILIZANTE SIKA 1 BALDE 20 LTS SIKA,177.6
IMPRIMANTE BLANCO BALDE 18 LT CPP,80.0
INFLADOR P/NEUMATICOS 23PL TRUPER,26.63
INSECTICIDA AZUL 3 EN 1 COCK BRAND,9.77
INSECTICIDA ROJO 3 EN 1 COCK BRAND,10.0
INTERRUPTOR COLGANTE(AEREO) HOME LIGHT,2.0
INTERRUPTOR DOBLE 3VIAS P/CONMUTACION HOME LIGHT,3.66
Interruptor Doble P/Conmutacion TICINO,23.0
Interruptor Doble P/Empotrado EUROLUZ,6.0
Interruptor Doble P/Empotrado HOME LIGHT,3.73
Interruptor Doble P/Empotrado TICINO,16.5
Interruptor Simple 3vias P/Conmutacion HOME LIGHT,4.03
INTERRUPTOR SIMPLE P/EMPOTRADO CONMUTACION TICINO,14.17
Interruptor Simple P/Empotrado EUROLUZ,5.0
INTERRUPTOR SIMPLE P/EMPOTRADO FERRAWY,5.0
Interruptor Simple P/Empotrado HOME LIGHT,3.04
Interruptor Simple P/Empotrado TICINO,14.0
Interruptor Simple P/Sobreponer BREIKER,2.0
INTERRUPTOR SIMPLE P/SOBREPONER HOME LIGHT,2.18
INTERRUPTOR TRIPLE P/EMPOTRADO FERRAWY,5.0
Interruptor Triple P/Empotrado HOME LIGHT,5.0
Interruptor Triple P/Empotrado TICINO,24.0
INTERRUPTOR-TOMACPRRIENTE MIXTO P/EMP HOME LIGHT,5.0
Kresso 1L KRIZZAL,5.78
Ladrillo Artesanal Bodoque King Kong S/M,0.66
Ladrillo Artesanal King Kong S/M,0.74
Ladrillo Concreto King Kong Bodoque S/M,0.48
Ladrillo Concreto Tipo 12 S/M,1.85
LADRILLO ESTANDAR 18 HUECOS AAA,0.92
LADRILLO ESTANDAR 18 HUECOS RANDOM RANDON,0.0
LADRILLO ESTANDAR 18 HUECOS TERRANOVA,1.03
LADRILLO ESTANDAR 18 HUECOS TORRE FUERTE,0.96
Ladrillo Estandart 18h CERAMICOS,0.69
Ladrillo Estandart 18h CHALPON,0.55
LADRILLO ESTANDART 18H ECONOMICA,0.56
Ladrillo Estandart 18h FORTALEZA,1.2
Ladrillo Estandart 18h FORTES,0.97
Ladrillo Estandart 18h LARK,1.01
Ladrillo Estandart 18h TAYSON,1.04
Ladrillo Pandereta CERAMICOS,0.78
LADRILLO PANDERETA CHALPON,0.68
Ladrillo Pandereta FORTALEZA,0.78
Ladrillo Pandereta FORTES,0.75
Ladrillo Pandereta GALCA,0.54
Ladrillo Pandereta LARK,0.59
Ladrillo Pandereta RANDO,0.85
Ladrillo Pandereta SOL DEL NORTE,0.8
Ladrillo Pandereta TAYSON,0.74
Ladrillo Pandereta TORRE FUERTE,0.76
Ladrillo Pandereta ZERAMIK,0.33
LADRILLO PANDERETON TORRE FUERTE,0.69
LADRILLO PASTELERO ITAL,1.8
LADRILLO PASTELERO PIRAMIDE,2.26
Ladrillo Super King Kong CERAMICOS,3.54
LADRILLO SUPER KING KONG FORTALEZA,3.54
Ladrillo Techo 08 CERAMICOS,2.25
Ladrillo Techo 12 FORTALEZA,3.33
Ladrillo Techo 12 GALCA,2.49
Ladrillo Techo 12 ITAL,3.01
Ladrillo Techo 12 LARK,3.15
Ladrillo Techo 12 SIPAN,2.61
LADRILLO TECHO 12 TAYSON,2.45
Ladrillo Techo 15 CERAMICOS,1.89
Ladrillo Techo 15 FORTALEZA,3.46
LADRILLO TECHO 15 GALCA,2.4
Ladrillo Techo 15 ITAL,3.3
Ladrillo Techo 15 LARK,3.26
LADRILLO TECHO 15 PERUANOS,2.4
Ladrillo Techo 15 SIPAN,2.74
LADRILLO TECHO 15 TAYSON,2.75
LADRILLO TECHO 15 TORRE FUERTE,2.82
LADRILLO TECHO 20 TORRE FUERTE,2.8
LADRILLO TIPO 4 FORTALEZA,1.52
LADRILLO TIPO 4 TAYSON,1.12
LADRILLO TIPO 4 TORRE FUERTE,1.1
LAPIZ P/CARPINTERIA 7(12UNIXCAJ) PROFIELD,1.0
LAVADERO 2 POZAS 1.10MT X 48CM X 0.80 S/M,155.0
LAVADERO 75 X 40 CM ALUMINIO 1 POZA S/M,42.76
LAVADERO 96 X 43 CM ALUMINIO 1 POZA S/M,51.56
LAVADERO CONCRETO S/M,120.0
Lente De Seguridad Transparente C&A,10.0
LENTE SEGURIDAD NEGRO ACHINADO ASAKI,4.0
LENTE SEGURIDAD TRANSPARENTE ACHINADO ASAKI,4.0
LENTES CUADRADOS TRANSPARENTE VARIOS,4.0
Lija Al Agua N░ 100 ASA,2.69
Lija Al Agua N░ 120 ASA,2.0
LIJA AL AGUA N░ 1200 ABRALIT,1.5
Lija Al Agua N░ 150 ASA,2.0
LIJA AL AGUA N░ 1500 ABRALIT,1.5
Lija Al Agua N░ 180 ASA,2.0
LIJA AL AGUA N░ 2000 ABRALIT,1.5
LIJA AL AGUA N░ 240 ABRALIT,2.0
LIJA AL AGUA N░ 320 ABRALIT,2.0
LIJA AL AGUA N░ 400 ABRALIT,2.0
Lija Al Agua N░ 80 ASA,2.5
Lija N░ 100 Para Fierro ASA,1.06
Lija N░ 120 Para Fierro ASA,1.22
Lija N░ 150 Para Fierro ASA,1.17
Lija N░ 180 Para Fierro ASA,1.09
LIJA N░ 220 PARA FIERRO ABRALIT,2.0
LIJA N░ 280 PARA FIERRO ABRALIT,2.0
Lija N░ 40 Para Fierro ASA,2.07
Lija N░ 60 Para Fierro ASA,2.71
Lija N░ 80 Para Fierro ASA,2.5
Lija Para Madera N░ 100 ASA,2.5
Lija Para Madera N░ 180 ASA,2.5
LIJA PARA MADERA N░ 80 ASA,2.5
LIJADORA DE SANDALIA S/M,11.25
LIMA REDONDA BASTARDA 8 TRUPER,11.0
LIMA TRIANGULAR PESADA C/M 8 PL TRUPER,12.5
LIMA TRIANGULAR PESADA C/POLI 7 PL TRUPER,9.0
Limpia Contacto Electronico 300ml TEKBOND,12.0
LIMPIA CONTACTO VISTONY,13.0
Limpiavidrio S/M,10.0
Linterna De Mano A Pilas S/M,8.0
Linterna Recargable HOME LIGHT,25.0
LIQUIDO DE FRENOS VISTONY,15.0
LLANTA COMPLETA IMPONCHABLE P/CARRETILLA C/ARO C&A,56.69
Llanta Completa P/Carretilla Ref C/Aro C&A,46.22
Llanta Sola P/Carretilla C&A,21.0
LLAVE CRUZ 14 (7X19X21X23) C&A,34.26
Llave De Ducha Cromada CELIMA,52.0
Llave De Ducha M/Cromado FAVINZA,23.0
LLAVE DE DUCHA MANIJA ASPA C&A,22.02
Llave De Ducha Modelo A C&A,22.75
LLAVE DE DUCHA MODELO B C&A,22.0
Llave De Ducha Modelo C C&A,24.0
Llave De Ducha Modelo D C&A,23.19
LLAVE DE DUCHA MODELO Z C&A,23.22
LLAVE DE LAVATORIO CROMADO GRIFEMA,22.0
Llave De Lavatorio Mueble Modelo A C&A,22.11
LLAVE DE LAVATORIO MUEBLE MODELO B C&A,22.31
LLAVE DE LAVATORIO MUEBLE MODELO C C&A,22.0
Llave De Lavatorio Mueble Modelo D C&A,22.31
LLAVE DE LAVATORIO MUEBLE MODELO Z C&A,21.23
Llave De Lavatorio NIAGARA,25.0
LLAVE DE LAVATORIO PALOMA,16.2
LLAVE DE LAVATORIO PARED P/GANSO FLEX GRIS C&A,26.49
Llave De Lavatorio Pared P/Ganso Flex Mod Z C&A,25.0
LLAVE DE LAVATORIO PARED P/GANSO FLEX NEGRO C&A,26.64
Llave De Lavatorio Pared P/Ganso Mod B C&A,20.02
Llave De Lavatorio Pared P/Ganso Mod F C&A,21.0
LLAVE ESTILSON 10 C&A,20.0
LLAVE ESTILSON 12 C&A,19.0
Llave Francesa 10 C&A,13.52
Llave Francesa 10 C/Jebe ASAKI,14.0
Llave Francesa 12 C&A,16.2
Llave Francesa 6 ASAKI,8.0
Llave Francesa 8 C&A,12.5
LLAVE HALEN EXAGONAL CROMADO 8 PCS KAMASA,7.0
LLAVE HALEN EXAGONAL NEGRO 10 PCS KAMASA,11.0
Llave Mixta 10mm FERRAWY,2.04
Llave Mixta 11mm FERRAWY,2.57
Llave Mixta 12mm FERRAWY,2.5
Llave Mixta 13mm FERRAWY,2.52
Llave Mixta 14mm FERRAWY,2.5
Llave Mixta 15mm FERRAWY,3.0
Llave Mixta 17mm FERRAWY,3.4
Llave Mixta 19 C&A,4.9
Llave Mixta 25 C&A,8.0
Llave Mixta 26 C&A,8.0
Llave Mixta 27 C&A,8.5
Llave Mixta 28 C&A,8.5
LLAVE MIXTA 7MM C&A,2.0
Llave Mixta 8 C&A,2.0
Llave Para Amoladora 41/2 FERRAWY,6.0
Llave Para Taladro 41/2 UYUSTOOLS,4.0
LLAVE PASO 1 CIM,65.0
Llave Paso 1/2 CIM,34.13
LLAVE PASO 1/2 S/ROSCA C&A,3.0
Llave Paso 3/4 CIM,47.91
Llave Paso Metal 1/2 VALMAX,13.0
Llave Paso Pvc 1 PAVCO,11.69
Llave Paso Pvc 1/2 C/R C&A,3.62
Llave Paso Pvc 1/2 C/R PAVCO,5.12
Llave Paso Pvc 1/2 C/R Pcp Naranja PCP,8.51
Llave Paso Pvc 3/4 PAVCO,7.98
Llave Paso Pvc 3/4 Pcp Azul PCP,9.0
LLAVE PASO PVC CON UNIVERSAL 1/2 ERA,8.64
Llave Pico Ganzo IVELSA,25.0
Llave Termomagnetica 2X16 A SCHNEIDER,27.81
Llave Termomagnetica 2X16 A TICINO,42.0
Llave Termomagnetica 2x20 A INDECO,20.0
Llave Termomagnetica 2x20 A SCHNEIDER,32.74
Llave Termomagnetica 2X20 A TICINO,42.28
Llave Termomagnetica 2x25 A SCHNEIDER,30.22
Llave Termomagnetica 2X25 A TICINO,48.9
Llave Termomagnetica 2x32 A SCHNEIDER,34.63
Llave Termomagnetica 2X32 A TICINO,42.74
LLAVE TERMOMAGNETICA DIFERENCIAL 2X40 TICINO,192.5
LUBRICANTE MULTIUSO P/AFLOJAR 11 OZ KNAUF,10.0
MACHETE CAÐERO M/MADERA C/GANCHO 14 BELLOTA,18.0
MACHETE T/SABLE M/NEGRO 22 PL BELLOTA,18.0
MACHETE TIPO SABLE C/NAR 22 TRUPER,18.0
Malla De Seguridad C/Naranja 50y(45mt) S/M,1.5
MALLA GALVANIZADA CUADRADA 1/2 PESADA PRODAC,0.0
MALLA GRIS PARA ZANCUDO 1.20 VARIOS,2.5
Malla Metalica Galvanizada 1/2 VARIOS,3.8
Malla Plastificada Verde 1/2 X 10kg VARIOS,2.53
Malla Plastificada Verde Pesada 1/2 X 3pl X 25kg VARIOS,8.5
MALLA RASCHEL 65% 4.2 MT 27.3KG VERDE VARIOS,6.54
MALLA RASCHEL 90% 4.20MT 39.9KG VERDE VARIOS,8.0
Malla Verde Para Zancudo 1.20 VARIOS,2.35
Malla Verde Para Zancudo 90 Cm VARIOS,2.4
Manguera De Color Duplex 1 X 100 Mt DUPLEX,2.23
Manguera De Color Duplex 3/4 X 100 Mt DUPLEX,1.47
MANGUERA DE COLOR DUPLEX 5/8 X 100 MT DUPLEX,0.98
Manguera Ref Trans P/Autm 3/8 2M,1.0
MANGUERA REFORZADA P/GAS NARANJA 3/8 2M,2.0
MANGUERA REFORZADA PVC VERDE 1 2M,3.13
MANGUERA REFORZADA PVC VERDE 3/4 2M,2.19
MANGUERA REFORZADA PVC VERDE 5/8 2M,1.62
MARTILLO DE GOMA C/BLANCO 16 ONZ TRUPER,17.0
MARTILLO M/FIBRA VIDRIO 16 ONZ C&A,15.31
Martillo M/Fibra Vidrio 16onz TRUPER,28.5
MARTILLO M/FIBRA VIDRIO 27 MM KAMASA,19.0
MARTILLO M/MADERA 16OZ C&A,14.0
MARTILLO M/MADERA 20OZ C&A,15.44
Martillo M/Madera 27mm TRAMONTINA,21.0
Martillo M/Madera 29mm PROFIELD,17.0
Martillo M/Madera 34mm TRAMONTINA,30.0
MASCARA PARA SOLDAR TOTAL,21.0
Masilla Para Carro BONFLEX,12.74
Masilla Para Madera AMERICA,5.21
Masilla Para Pared(pasta Mural) AMERICA,2.68
MATAMOSCA REY PLASTICO S/M,2.5
MATERIAL DE RELLENO S/M,25.0
MEDIDOR PARA AGUA VARIOS,59.09
MERLUZA KOLORCIX,2.5
Moldimix Masilla Soldimix SOLDIMIX,6.0
Naylo De Pescar 100 ARATY,11.96
Naylo De Pescar 40 ARATY,5.0
Naylo De Pescar 45 ARATY,7.0
Naylo De Pescar 50 ARATY,6.5
NAYLO DE PESCAR 50 PRETUL,5.0
Naylo De Pescar 60 ARATY,7.5
Naylo De Pescar 70 ARATY,8.0
Naylo De Pescar 80 ARATY,10.08
Naylo De Pescar 90 ARATY,11.5
Niple 1 X 1 1/2 FIERRO G,2.5
Niple 1 X 1 FIERRO G,2.5
Niple 1 X 2 FIERRO G,2.8
Niple 1 X 3 FIERRO G,3.0
Niple 1/2 X 1 1/2 FIERRO G,1.5
Niple 1/2 X 1 FIERRO G,1.2
NIPLE 1/2 X 2 FIERRO G,1.5
NIPLE 3/4 X 1 FIERRO G,1.5
NIPLE 3/4 X 2 FIERRO G,2.0
Niple 3/4 X 3 FIERRO G,2.5
NIPLE PVC 1 X 1 1/2 TRANSFORMADO,1.5
NIPLE PVC 1 X 1 TRANSFORMADO,0.75
NIPLE PVC 1 X 2 TRANSFORMADO,1.6
Niple Pvc 1 X 3 TRANSFORMADO,2.0
NIPLE PVC 1 X 4 TRANSFORMADO,2.5
Niple Pvc 1/2 X 1 1/2 TRANSFORMADO,0.9
Niple Pvc 1/2 x 1 TRANSFORMADO,0.9
Niple Pvc 1/2 x 2 1/2 TRANSFORMADO,1.2
Niple Pvc 1/2 x 2 TRANSFORMADO,0.9
NIPLE PVC 1/2 X 3 TRANSFORMADO,1.4
Niple Pvc 1/2 x 6 TRANSFORMADO,2.0
Niple Pvc 3/4 x 1 1/2 TRANSFORMADO,1.3
NIPLE PVC 3/4 X 1 TRANSFORMADO,1.5
NIPLE PVC 3/4 X 2 1/2 TRANSFORMADO,1.28
NIPLE PVC 3/4 X 2 TRANSFORMADO,1.5
Niple Pvc 3/4 x 3 TRANSFORMADO,2.0
Niple Pvc 3/4 x 4 TRANSFORMADO,2.5
Niple Pvc 3/4 x 6 TRANSFORMADO,3.0
Nivel 12 Negro KAMASA,16.0
Nivel 12 PRETUL,12.0
Nivel 14 PRETUL,15.0
NIVEL DE ALUMINIO 24 PL PROFESIONAL C&A,17.0
Nivel De Aluminio C/Iman 16 KAMASA,13.0
NIVEL DE ALUMINIO PROFESIONAL 12 PL TRUPER,18.0
NIVEL DE ALUMINIO PROFESIONAL 14 PL TRUPER,20.43
NIVEL DE ALUMINIO PROFESIONAL 18 PL TRUPER,26.0
NIVEL DE ALUMINIO PROFESIONAL 24 PL TRUPER,32.0
NIVEL DE ALUMINIO PROFESIONAL 36 PL TRUPER,43.77
Nivel Plastico 20 Pl Amarillo KAMASA,11.0
Nivel Plastico 24 Pl Amarillo KAMASA,13.0
NIVEL PLASTICO AMARILLO 14 PLG UYUSTOOLS,10.0
NIVEL PLASTICO AMARILLO 18 PLG UYUSTOOLS,12.0
Ocre Amarillo BAYER,6.5
Ocre Azul BAYER,5.5
Ocre Negro BAYER,5.0
Ocre Rojo BAYER,5.0
Ocre Verde BAYER,5.5
PAJARAFIA POR METROS S/M,0.18
PAJARAFIA TORCIDA CONO VARIOS,9.0
PAJARRAFIA PAQ X 12 UNID S/M,1.16
Palana Cuchara M/Negro C&A,18.35
Palana Recta M/Madera BELLOTA,36.0
PALANA RECTA M/MADERA TRAMONTINA,31.0
Palana Recta M/Negro C&A,20.39
Palo Pulido Zapapico S/M,10.0
Palo Repuesto De Escoba S/M,2.62
PAPELERA ESPAÐOLA CLASICA NUM 20 S/M,20.0
PAPELERA ESPAÐOLA CLASICA NUM 25 S/M,25.0
PARCHE DE LLANTA VIPAL R-01 VIPAL,1.0
PEGAMENTO 1/16 AZUL OATEY,23.5
PEGAMENTO 1/16 DORADO OATEY,20.89
Pegamento 1/16 PAVCO,12.0
Pegamento 1/32 Azul OATEY,12.5
Pegamento 1/32 Dorado OATEY,11.0
Pegamento 1/32 PAVCO,8.5
Pegamento 1/4 Azul OATEY,53.9
Pegamento 1/4 Dorado OATEY,48.16
PEGAMENTO 1/4 MEDIUN ENV. NEGRO PAVCO,52.3
PEGAMENTO 1/4 NARANJA OATEY,44.0
Pegamento 1/4 PAVCO,26.0
PEGAMENTO 1/8 AZUL OATEY,40.27
Pegamento 1/8 Dorado OATEY,34.4
Pegamento 1/8 PAVCO,18.0
Pegamento 100ml Grande T/Roja PGX,2.5
Pegamento 28ml Peque±o T/Roja PGX,1.5
Pegamento Africano 1/32 TEROCAL,6.22
Pegamento Africano 1/4 Galon TEROCAL,19.05
Pegamento Africano Peque±ito TEROCAL,2.5
Pegamento Azul C/Brocha DATEY,5.34
Pegamento Azul Sin Brocha DATEY,2.5
PEGAMENTO BLANCO FLEXIBLE ADJ,18.0
PEGAMENTO BLANCO FLEXIBLE CELIMA,29.17
Pegamento Blanco Flexible Porcelanato CHECERAMIC,20.92
PEGAMENTO BLANCO FLEXIBLE TEC & PEG,23.0
PEGAMENTO BLANCO PREMIUM ADJ,28.0
Pegamento Cpvc 1/16 PAVCO,15.0
Pegamento Cpvc 1/32 PAVCO,22.82
PEGAMENTO DORADO CON BROCHA DATEY,5.0
PEGAMENTO FRIO BV-03 VIPAL,10.0
PEGAMENTO GRIS CELIMA,14.0
Pegamento Gris Ceramica CHECERAMIC,10.99
PEGAMENTO GRIS CERAMICA INTERIORES ADJ,10.0
PEGAMENTO GRIS CERAMICA PREMIUM ADJ,13.0
PEGAMENTO GRIS CERAMICA TEC & PEG,12.0
PEGAMENTO GRIS CERAMICA TREBOL,11.0
Pegatanke Epoxico Negro PEGATANQUE,21.5
Pegatanque Soldimix SOLDIMIX,24.0
Perno Anclaje S/M,2.0
Perno De Sujecion S/M,3.0
PERNO HEX 1/4 X 1 1/2 G2 S/M,0.4
PERNO HEX 1/4 X 1 G2 S/M,0.24
PERNO HEX 1/4 X 2 1/2 G2 S/M,0.51
PERNO HEX 1/4 X 2 G2 S/M,0.36
PERNO HEX 1/4 X 3 1/2 G2 S/M,0.7
PERNO HEX 1/4 X 3 G2 S/M,0.65
PERNO HEX 5/16 X 1/2 G2 S/M,0.3
PIEDRA  BASE  OVER S/M,0.0
Piedra Base S/M,49.66
Piedra Chancada 1/2 Por Lata S/M,2.0
Piedra Chancada 1/2 S/M,87.35
Piedra Chancada 3/4 Por Lata S/M,2.0
Piedra Chancada 3/4 S/M,72.0
PIEDRA DE AFILAR 8X2X1 KAMASA,7.5
Pincel Plano 10 C&A,1.16
Pincel Plano 12 C&A,1.12
Pincel Plano 14 C&A,1.62
PINCEL PLANO 18 C&A,1.5
PINCEL PLANO 20 C&A,2.0
PINCEL PLANO 22 C&A,2.0
PINCEL PLANO 24 C&A,2.5
Pino  4lt KRIZZAL,16.0
Pino En Gel X 1lt KRIZZAL,5.0
PINTURA EN BALDE AMARILLO KOLORCIX,20.0
PINTURA EN BALDE ARTICO KOLORCIX,18.0
Pintura En Balde Azul KOLORCIX,18.69
Pintura En Balde Blanco Humo KOLORCIX,17.33
Pintura En Balde Blanco KOLORCIX,18.0
PINTURA EN BALDE CELESTE KOLORCIX,17.33
PINTURA EN BALDE CITRON KOLORCIX,18.0
PINTURA EN BALDE CREMA KOLORCIX,18.69
Pintura En Balde Fresa KOLORCIX,18.0
PINTURA EN BALDE GRIS CLARO KOLORCIX,18.69
PINTURA EN BALDE LILA KOLORCIX,16.67
PINTURA EN BALDE MAIZ KOLORCIX,16.67
PINTURA EN BALDE MARFIL KOLORCIX,18.0
PINTURA EN BALDE MELON KOLORCIX,16.67
PINTURA EN BALDE NARANJA KOLORCIX,20.0
PINTURA EN BALDE PISTACHO KOLORCIX,20.0
PINTURA EN BALDE ROJO TEJA KOLORCIX,18.0
PINTURA EN BALDE TURQUESA KOLORCIX,16.67
PINTURA EN BALDE VERDE ESMERALDA KOLORCIX,16.67
Pintura En Balde Verde Limon AMERICA,18.0
Pintura En Bolsa Amarillo KOLORCIX,4.0
Pintura En Bolsa Azul KOLORCIX,4.14
Pintura En Bolsa Blanco CHAVIN,3.5
PINTURA EN BOLSA BLANCO HUMO KOLORCIX,3.5
PINTURA EN BOLSA BLANCO KOLORCIX,4.21
PINTURA EN BOLSA BLANCO X 25KG CHAVIN,19.68
PINTURA EN BOLSA BLANCO X 25KG KOLORCIX,22.14
Pintura En Bolsa Celeste KOLORCIX,3.92
Pintura En Bolsa Crema KOLORCIX,4.0
PINTURA EN BOLSA LILA KOLORCIX,4.5
PINTURA EN BOLSA MARFIL KOLORCIX,3.92
Pintura En Bolsa Melon KOLORCIX,3.92
Pintura En Bolsa Naranja KOLORCIX,4.0
PINTURA EN BOLSA ROJO TEJA KOLORCIX,4.0
Pintura En Bolsa Rosado KOLORCIX,4.11
Pintura En Bolsa Verde Esmeralda KOLORCIX,3.92
Pintura En Bolsa Verde Limon KOLORCIX,4.37
Pintura Gloss 1/4 GLOSS,19.0
Pintura Spray Aluminio C&A,6.23
Pintura Spray Amarillo Limon C&A,5.34
Pintura Spray Azul Claro C&A,6.0
PINTURA SPRAY AZUL ELECTRICO C&A,6.0
Pintura Spray Blanco Brillante C&A,5.42
Pintura Spray Blanco Mate C&A,6.0
PINTURA SPRAY CATERPILLAR C&A,6.0
Pintura Spray Celeste C&A,6.0
PINTURA SPRAY DORADO C&A,7.0
Pintura Spray Gris C&A,5.47
Pintura Spray Marron C&A,6.0
Pintura Spray Naranja C&A,6.0
PINTURA SPRAY NEGRO BRILLANTE C&A,5.88
PINTURA SPRAY NEGRO MATE C&A,5.42
Pintura Spray Rojo Brillante C&A,5.42
Pintura Spray Silver C&A,7.39
Pintura Spray Verde Irlandes C&A,6.0
PINTURA TEMPLE BLANCO 25KG MAJESTAD,35.0
Pintura Temple Blanco Duralite X 5kg DURALITE,11.0
PISTOLA PARA PINTAR (APLICADOR) VARIOS,0.0
PLANCHA DE BATIR M/GOMA 7 C&A,8.03
PLANCHA DE BATIR M/GOMA 8 KAMASA,11.6
PLANCHA DE BATIR M/MADERA 8 KAMASA,10.0
PLANCHA PULIR LISA M/GOMA 11 X 5 PRO C&A,12.0
Plancha Pulir M/Goma BESTOOL,10.0
Plancha Pulir M/Goma KAMASA,15.2
Plancha Pulir M/Goma WINGS,10.0
PLANCHA RASPIN DENTADA M/GOMA 11 X 5PL C&A,11.0
PLANCHA RASPIN M/GOMA ROJO BESTOOL,14.0
Plancha Raspin M/Goma WINGS,13.0
PLASTICO AZUL 0.90 MTS S/M,2.5
Plastico Azul X 1.50 Mt(3mtxkg) S/M,3.5
PLASTICO AZUL-NEGRO 1.50 MT(ROLL 120MT) S/M,4.1
PLASTICO AZUL-NEGRO 2METROS(ROLLO80MTS) S/M,5.5
Plomada Cilindrica Zincada S/M,15.89
PORTA ELECTRODO 600A ASAKI,15.0
PRECINTO 3 X 100 VARIOS,0.1
PRECINTO 3.6MM X 200 HOME LIGHT,0.24
PRECINTO 4.8 X 250 VARIOS,0.15
Precinto 4.8 X 300 VARIOS,0.06
Precinto 4.8 X 400 VARIOS,0.06
PRECINTO 4.8 X 450 VARIOS,0.3
Precinto 4.8 X 500 VARIOS,0.4
PRODUCTO XX ROTOPLAST,13.2
Protector Facial C&A,5.0
PULIDORA DE MADERA S/M,2.0
Quita Sarro KRIZZAL,5.0
QUITA SARRO LUKAS,5.78
Radar Automatico TAIWAN,32.79
Radar Para Tanque C&A,20.0
RAPIMIX ASENTADO PACASMAYO,9.92
RAPIMIX PARA ASENTADO DE MUROS PACASMAYO,8.74
RAPIMIX PARA TARRAJEO PACASMAYO,9.22
Raqueta Mata Insectos S/M,18.0
RASTRILLO RECTO 14 DIENTES S/MAN HERRAGRO,23.0
RASTRILLO RECTO 16 DIENTES M/MADERA TRUPER,43.0
RAYVER SUPER VISTONY,20.0
Recogedor Colores Economico S/M,3.75
Reduccion Cpvc 3/4 A 1/2 PAVCO,1.5
Reduccion Pvc 1 A 1/2 INYECTOPLAST,2.13
Reduccion Pvc 1 a 1/2 PAVCO,3.0
REDUCCION PVC 1 A 3/4 BLANCO TIGRE,2.5
Reduccion Pvc 1 a 3/4 INYECTOPLAST,1.83
Reduccion Pvc 1 a 3/4 PAVCO,3.67
Reduccion Pvc 3/4 A 1/2 INYECTOPLAST,2.0
Reduccion Pvc 3/4 A 1/2 PAVCO,2.96
Reduccion Sal 3 A 2 INYECTOPLAST,3.0
Reduccion Sal 3 A 2 PAVCO,6.71
Reduccion Sal 4 A 2 GERFOR,6.0
Reduccion Sal 4 A 2 KOPLAST,5.0
Reduccion Sal 4 A 2 PAVCO,6.18
Reduccion Sal 4 A 2 PLASTICA,5.1
Reduccion Sal 4 A 3 INYECTOPLAST,5.0
Reduccion Sal 4 A 3 PAVCO,9.66
REDUCCION SAL 6 A 4 TIGRE,14.0
REFLECTOR LED DELUXE 200WL/DIA HOME LIGHT,95.0
Registro 2 Cromado VARIOS,5.0
Registro 3 Cromado VARIOS,11.67
Registro 4 Cromado VARIOS,14.64
REGISTRO CROMADO 6 PL S/M,31.0
Regla De Aluminio S/M,13.0
REMACHADORA 10 PL SCHUBERT,20.0
REPSOL RP COLOR NARANJA REPSOL,25.0
Repuesto Para Corta Mayolica KAMASA,12.5
Ripio Zarandeado S/M,60.0
Rodaje P/Carretilla 2 pz TRUPER,6.0
RODILLO P/PINTAR 12 C&A,7.0
RODILLO P/PINTAR 12 TORO,22.0
Rodillo P/Pintar 12 UYUSTOOLS,14.0
RODILLO P/PINTAR 3 C&A,5.0
Rodillo P/Pintar 9 C&A,6.71
Rodillo P/Pintar 9 TORO,18.5
RODILLO P/PINTAR 9 UYUSTOOLS,11.5
Rodoplast Aluminio Brillante 11.5 Ceramica VARIOS,8.8
Rodoplast Aluminio Brillante 9.5 Ceramica VARIOS,9.41
Rodoplast Aluminio Mate 11.5 Ceramica VARIOS,10.0
Rodoplast Aluminio Mate 9.5 Ceramica VARIOS,10.0
Rodoplast Azul Calipso VARIOS,2.5
Rodoplast Azul Pastel VARIOS,2.5
RODOPLAST BEIGGE VARIOS,3.0
Rodoplast Blanco VARIOS,2.17
Rodoplast Bone VARIOS,3.0
Rodoplast Celeste VARIOS,2.5
Rodoplast Champang VARIOS,2.5
Rodoplast Chocolate VARIOS,3.0
Rodoplast Crema VARIOS,3.0
Rodoplast Cuero Claro VARIOS,2.84
Rodoplast Gris Claro VARIOS,3.0
Rodoplast Gris Oscuro VARIOS,3.0
Rodoplast Gris Plata VARIOS,2.5
Rodoplast Lila Bebe VARIOS,2.5
Rodoplast Madera VARIOS,3.0
RODOPLAST MARFIL CLARO VARIOS,2.84
Rodoplast Marfil Oscuro VARIOS,3.0
Rodoplast Marron Tabaco VARIOS,3.0
Rodoplast Metal Aluminio VARIOS,12.5
RODOPLAST NEGRO VARIOS,2.05
Rodoplast Orange VARIOS,2.5
Rodoplast Palo Rosa VARIOS,2.5
Rodoplast Rojo VARIOS,3.0
RODOPLAST VARIOS,2.5
Rodoplast Verde Nilo VARIOS,3.0
RODOPLAST VERDE SPAY VARIOS,2.5
Rondana Circular Grande S/M,2.0
Rondana Circular Peq. S/M,1.0
Rondana Rect Grande S/M,2.0
Rondana Rect Peq. S/M,1.0
SACOS S/M,0.6
SEMICODO CPVC 1/2 SP PAVCO,1.38
Semicodo Cpvc 3/4 Sp PAVCO,3.5
Semicodo Pvc 1 Sp PAVCO,4.09
Semicodo Pvc 1 Sp TRANSFORMADO,2.5
Semicodo Pvc 1/2 Sp PAVCO,2.55
Semicodo Pvc 1/2 Sp PLASTICA,1.62
Semicodo Pvc 3/4 Sp PAVCO,3.7
Semicodo Pvc 3/4 Sp TRANSFORMADO,2.0
Semicodo Sal 2 GERFOR,1.5
Semicodo Sal 2 PAVCO,2.83
Semicodo Sal 2 PLASTICA,1.8
Semicodo Sal 3 INYECTOPLAST,5.3
Semicodo Sal 3 PAVCO,6.84
Semicodo Sal 4 PAVCO,9.4
Semicodo Sal 4 PLASTICA,6.5
Serrucho Curvo Poda 14pl M/Madera TRUPER,26.61
Serrucho M/Madera 18 Pl C&A,13.0
SERRUCHO M/MADERA 18 PROFIELD,15.0
SET ECO(BALDE 10LT C/ESCURRIDOR+MOPA+PALO) HUDE,22.0
SIERRA ACEROS AREQUIPA,4.0
Sierra Naranja SANDFLEX,5.0
SIKA 1 GALON X 4 LITROS SIKA,30.01
Sika x kg SIKA,7.12
Sikaflex 11 Fc Plus Gris 300 Ml Sika SIKA,28.32
SILICONA BLANCO 280 ML PARA BAÐO Y COCINA SOLDIMIX,16.0
Silicona Mega Grey MEGA GREY,14.23
SILICONA PARA TABLERO GALON S/M,42.0
SILICONA PARA TABLEROS X 300 ML SCHUBERT,10.0
SILICONA PARA VIDRIO C/NEGRO 225ML KNAUF,10.0
SILICONA PARA VIDRIO TRANSPARENTE 225ML KNAUF,11.41
SILICONA SELLADOR POLIURETA SOLDIFLEX BLANCO 300 ML SOLDIMIX,25.0
SILICONA TRANSPARENTE MULTIUSOS 50GR KNAUF,4.0
SILICONA TRANSPARENTE MULTIUSOS 50GR SOLDIMIX,7.98
SILICONA TRANSPARENTE PARA VIDRIO SIKA,12.0
SILICONA TRANSPARENTE PARA VIDRIO TEKBOND,12.43
SILICONA UV 300ML FRESA SIMONIZ,15.22
Sistema Para Flourecente S/M,8.0
SOCATE AEREO DE PLASTICO REFORZADO HOME LIGHT,2.21
Socate Colgante NEW LIGHT,1.5
SOCATE MODELO PLANO BLANCO P22BN TICINO,10.0
SOCATE MODELO PLANO HOME LIGHT,3.63
SOCATE OVALADA BLANCO TICINO,12.0
Socate Ovalada Empotrado HOME LIGHT,3.5
Socate Plana HOME LIGHT,2.5
Soda Caustica Litro KRIZZAL,7.0
Soda Caustica Por Kg KRIZZAL,14.0
Soldadura 1/8 FACILITO,13.0
Soldadura 1/8 PUNTO AZUL,18.0
SOLDADURA 1/8 SUPERSITO,19.36
Soldimix 10 Minutos SOLDIMIX,9.95
SOLDIMIX EXTRAFUERTE 24 HRS SOLDIMIX,10.5
Sombrero De Ventilacion 2 HECHIZA,3.04
Sombrero De Ventilacion 4 HECHIZA,9.29
STOVE BOLTS 5/32 X 1 1/2 PL S/M,0.21
STOVE BOLTS 6/32 X 1 1/2 PL S/M,0.2
STOVE BOLTS 6/32 X 1 PL S/M,0.08
STOVE BOLTS 6/32 X 2 PL S/M,0.1
STRETCH FILM 18 PL X 20 X 1.45KG C&A,22.08
Sumidero 2 Cromado VARIOS,5.0
Sumidero 3 Cromado VARIOS,10.0
Sumidero 4 Cromado VARIOS,13.8
SUPER GLUE BLISTER X 1.50 GR SOLDIMIX,0.69
SUPRESOR DE PICO C/6 TOMAS C/BLANCO HOME LIGHT,17.0
TALADRO + DESTORNILLADOR CDLI12428 INGCO,220.0
Taladro Percutor 710 wts EINHEL,160.0
TALADRO PERCUTOR ELEC IND 1/2 900W TRUPER,235.0
TANQUE ARENA 2500 LITROS ETERNIT,933.47
Tanque Eternit Arena 1100 Lts ETERNIT,620.0
Tanque Eternit Azul 1100 Lts ETERNIT,556.82
Tapa Ciega Circular S/M,0.5
Tapa Ciega Rectangular HOME LIGHT,2.55
Tapa Ciega Rectangular S/M,0.5
Tapa Jebe Para Lavadero S/M,2.0
TAPETE BIENVENIDA RECTANGULAR S/M,12.0
TAPON CPVC 1/2 HEMBRA PAVCO,1.0
Tapon Cpvc 3/4 Hembra PAVCO,2.12
Tapon De Oidos S/M,2.96
Tapon Hembra Pvc 1 C/Rosca PAVCO,3.8
Tapon Hembra Pvc 1 SP INYECTOPLAST,2.33
Tapon Hembra Pvc 1 Sp PAVCO,3.0
Tapon Hembra Pvc 1/2 C/Rosca GERFOR,1.0
Tapon Hembra Pvc 1/2 C/Rosca PAVCO,2.25
Tapon Hembra Pvc 1/2 Sp GERFOR,0.8
Tapon Hembra Pvc 1/2 Sp INYECTOPLAST,0.5
Tapon Hembra Pvc 1/2 Sp PAVCO,2.0
Tapon Hembra Pvc 3/4 C/Rosca PAVCO,2.8
Tapon Hembra Pvc 3/4 Sp INYECTOPLAST,1.7
Tapon Hembra Pvc 3/4 Sp PAVCO,2.6
TAPON MACHO 1 FIERRO G,3.5
Tapon Macho 1/2 FIERRO G,2.1
Tapon Macho Pvc 1 GERFOR,2.8
Tapon Macho Pvc 1 Vinduit PAVCO,3.94
Tapon Macho Pvc 1/2 PAVCO,2.66
Tapon Macho Pvc 1/2 PLASTICA,1.0
TAPON MACHO PVC 1/2 TUBOPLAST,0.0
Tapon Macho Pvc 3/4 GERFOR,2.0
Tapon Macho Pvc 3/4 Vinduit PAVCO,2.4
Tapon Sal 2 INYECTOPLAST,1.5
Tapon Sal 2 PAVCO,2.53
Tapon Sal 3 PAVCO,4.12
Tapon Sal 4 HECHIZA,4.0
Tapon Sal 4 INYECTOPLAST,2.5
Tarugo Azul S/M,0.2
Tarugo Naranja S/M,0.2
Tarugo Verde S/M,0.04
TECNOPORT 1 1.20X2.40 MTS(PAQ 38UNID) S/M,11.33
TECNOPORT 1/2 1.20X2.40 MTS(PAQ 76UNID) S/M,8.2
TECNOPORT 2 1.20X2.40 MTS(PAQ 19UNID) S/M,20.26
Tecnoport 3/4 1.20x2.40 Mts S/M,9.63
TECNOPORT T/12 X0.30X1.20 (64 UNID) S/M,7.8
TECNOPORT T/15 X0.30X1.20 (56 UNID) S/M,13.17
Tee Bronce 1/2 VALMAX,5.0
Tee Cpvc 1/2 GERFOR,2.0
Tee Cpvc 1/2 Sp PAVCO,2.56
Tee Cpvc 3/4 Sp PAVCO,4.0
Tee Fierro G. 1 FIERRO G,6.0
Tee Fierro G. 1/2 FIERRO G,2.5
Tee Fierro G. 3/4 FIERRO G,3.5
Tee Pvc 1 C/Rosca PAVCO,6.64
Tee Pvc 1 C/Rosca PLASTICA,4.5
Tee Pvc 1 Sp GERFOR,5.0
Tee Pvc 1 Sp PAVCO,8.57
TEE PVC 1 SP PLASTICA,3.5
Tee Pvc 1/2 C/Rosca NICOL,1.5
Tee Pvc 1/2 C/Rosca PAVCO,3.0
Tee Pvc 1/2 Mixta INRELI,2.0
Tee Pvc 1/2 Sp PAVCO,3.38
Tee Pvc 1/2 Sp PLASTICA,1.72
Tee Pvc 3/4 C/Rosca PAVCO,4.69
TEE PVC 3/4 CR PLASTICA PLASTICA,3.0
Tee Pvc 3/4 S/p PLASTICA,2.6
Tee Pvc 3/4 Sp PAVCO,4.5
Tee Sal 2 KOPLAST,3.0
Tee Sal 2 PAVCO,5.0
TEE SAL 2 PLASTICA,3.17
Tee Sal 3 A 2 INYECTOPLAST,5.5
TEE SAL 3 A 2 PAVCO,11.22
Tee Sal 3 PAVCO,14.38
Tee Sal 3 PLASTICA,6.84
Tee Sal 4 A 2 GERFOR,7.0
Tee Sal 4 A 2 PAVCO,10.77
Tee Sal 4 A 2 PLASTICA,7.03
TEE SAL 4 A 3 PAVCO,14.74
Tee Sal 4 GERFOR,10.0
Tee Sal 4 PAVCO,13.24
Tee Sal 4 PLASTICA,9.82
Tee Sal En Cruz 2 PAVCO,3.0
Tee Sal Sanitaria 2 PAVCO,7.15
TEE SAL SANITARIA 2 PLASTICA,5.0
Tee Sal Sanitaria 4 PAVCO,21.89
TEE SAL SANITARIA 4 PLASTICA,14.42
TERMINAL DE OJO BRONCE S/M,1.0
TERMINAL MACHO BRONCE S/M,1.0
Thiner Acrilico Economico Por Litro FM,8.24
THINER ACRILICO FMQ FM,17.61
THINER ACRILICO NF 305 BICOLOR,20.4
THINER ACRILICO NF 805 BICOLOR,27.0
THINER ACRILICO PATRON AC-450 2.8 LTRS TORVISCO,21.0
Thiner Acrilico Por Litro BICOLOR,9.0
THINER ACRILICO TX-500 X 1 LITRO LOSARO,8.0
THINER ACRILICO TX-500 X 1/2 LITRO LOSARO,5.5
TIERRA CULTIVO POR LATA S/M,1.5
Tierra Cultivo S/M,64.88
TIJERA P/HOJALATERO 10 M/REFORZADA C&A,17.46
TIJERA P/HOJALATERO 12 M/REFORZADA C&A,18.43
TIMBRE DING DONG HOME LIGHT,10.0
Tirafon 1/4x 1 S/M,0.18
Tirafon 5/16x 2 1/2 S/M,0.5
TIRAFON HEX 1/4 X 1 1/2 S/M,0.14
Tirafon Hex 1/4 x 2 1/2 S/M,0.32
Tirafon Hex 1/4 x 2 S/M,0.19
Tirafon Hex 1/4 X 3 S/M,0.48
Tirafon Hex 1/4 x 4 S/M,0.5
TIRALINEA 30 MT 3 PZAS C&A,12.0
Tiralinea 30M Cuerpo De Plastico Y Nivel TRUPER,15.0
TIZA BLANCA PARA PIZARRA CAJA X 50UNID S/M,0.25
Tomacorriente Cruz De Colores VARIOS,3.5
Tomacorriente Doble Empotrado TOP LIGTH,5.0
TOMACORRIENTE DOBLE P/EMPOTRADO CON PUESTA A TIERRA TICINO,21.27
Tomacorriente Doble P/Empotrado TICINO,20.0
TOMACORRIENTE DOBLE P/SOBREPONER CON PUESTA A TIERRA HOME LIGHT,4.59
Tomacorriente Doble/Emp HOME LIGHT,4.9
TOMACORRIENTE DOBLE/EMPOT CON PUESTA A TIERRA HOME LIGHT,4.06
Tomacorriente Simple Emp SCHNEIDER,7.0
TOMACORRIENTE SIMPLE P/EMPOTRADO HOME LIGHT,3.0
Tomacorriente Simple P/Empotrado TICINO,13.5
Tomacorriente Simple P/Sobre HOME LIGHT,2.12
Tomacorriente Simple P/Sobre TOP LIGTH,2.0
TOMACORRIENTE SIMPLE/EMPOT CON PUESTA A TIERRA EUROLUZ,4.0
TOMACORRIENTE TRIPLE P/EMPOTRADO BREIKER,5.0
TOMACORRIENTE TRIPLE P/EMPOTRADO HOME LIGHT,5.15
Tomacorriente Triple P/Empotrado TICINO,23.5
TOMACORRIENTE TRIPLE SOBREPONER FAILUX,5.0
Tomacorriente Triple Sobreponer HOME LIGHT,4.11
TOMACORRIENTE TRIPLE SOBREPONER TICINO,16.0
TORNILLO AUTOPERFORANTE #10 X 1 1/2 UYUSTOOLS,0.29
TORNILLO SPACK 3.5X25 S/M,0.17
TORNILLO SPACK 4.5X40 S/M,0.16
TORNILLO SPACK 4.5X50 S/M,0.21
TORNILLO SPACK 4X30 S/M,0.1
TORNILLO SPACK 4X50 S/M,0.14
TORNILLO SPACK 4X80 S/M,0.25
TORNILLO SPACK 5X25 S/M,0.2
TORNILLO SPACK 5X30 S/M,0.08
TORNILLO SPACK 5X50 S/M,0.14
TORNILLO SPACK 5X80 S/M,0.18
Tortol 3/8 S/M,3.2
TRAMPA BOTELLA PVC P/LAVATORIO SANIFER,10.0
TRAMPA FLEXIBLE Y DESAGUE P/LAV 1.1/4 HYDRA,14.0
Trampa Flexible Y Desague P/Lav 1.1/4-1.1/2 C&A,9.19
Trampa P 2 PAVCO,13.0
Trampa P/Lavadero MEMO,8.5
Trampa Para Noque Sin Hueco TITOMAX,9.0
Trapeador Microfibra 4575 Cm S/M,5.0
Trapo Industrial De Color S/M,7.0
TRIPLAY 3.5MM TIPO LUPUNA 1.22 X2.44 LUPUNA,26.0
TRIPLAY 6MM TIPO LUPUNA 1.22 X 2.44 LUPUNA,45.0
TRIPLAY CAPIN 2.44 X 1.20 X 4MM DD NACIONAL,37.0
TRIPLAY CAPIN 2.44 X 1.20 X 4MM RR NACIONAL,35.0
TRIPLAY CAPIRUNI D/D 1.22X2.44 18MM NACIONAL,140.0
TRIPLAY FENOLICO 17 MM 1.22 X 2.44 ECOPLEX,90.0
TRIPLAY FENËLICO 18MM X 1.22 X 2.44 S/M,98.35
Triplay Imp Ev Blanco 2.44 X 1.20 X 4mm IMPORTADA,26.0
Triz X 3gr Soldimix SOLDIMIX,6.0
TROMPITO PARA CAÐO S/M,0.5
Tubo Abasto P/Inodoro 7/8 Naylon C&A,4.29
Tubo Abasto P/Lavatorio 1/2 Nylon C&A,5.34
TUBO ABASTO PVC 1/2 PARA LAVATORIO HYDRA,6.0
Tubo Abastos P/Inodoro 7/8 SANY,5.0
Tubo Cpvc 1/2 Sp PAVCO,27.76
Tubo Cpvc 3/4 Sp PAVCO,45.0
TUBO LUZ SAP 1 PAVCO,15.52
TUBO LUZ SAP 3/4 PAVCO,12.13
TUBO PVC C-10 1 1/4 SP PAVCO,38.23
TUBO PVC C-10 1 C/R GERFOR,40.5
Tubo Pvc C-10 1 C/r PAVCO,38.08
TUBO PVC C-10 1 C/R PLASTICA,22.88
Tubo Pvc C-10 1 Sp GERFOR,20.0
Tubo Pvc C-10 1 Sp PAVCO,24.0
Tubo Pvc C-10 1 Sp PLASTICA,13.14
Tubo Pvc C-10 1/2 C/R PAVCO,21.25
Tubo Pvc C-10 1/2 C/R PLASTICA,14.23
Tubo Pvc C-10 1/2 Sp GERFOR,14.0
Tubo Pvc C-10 1/2 Sp PAVCO,15.78
TUBO PVC C-10 1/2 SP PLASTICA,9.99
Tubo Pvc C-10 3/4 C/R GERFOR,21.0
Tubo Pvc C-10 3/4 C/R PAVCO,31.98
Tubo Pvc C-10 3/4 C/R PLASTICA,16.0
Tubo Pvc C-10 3/4 Sp GERFOR,15.0
Tubo Pvc C-10 3/4 Sp PAVCO,18.22
TUBO PVC C-10 3/4 SP PLASTICA,10.5
TUBO PVC C-10 4 C/NARANJA KOPLAST,55.25
Tubo Sal 2 GERFOR,16.5
Tubo Sal 2 PAVCO,15.0
Tubo Sal 2 PLASTICA,9.9
Tubo Sal 3 PAVCO,35.15
Tubo Sal 3 PLASTICA,17.32
Tubo Sal 4 KOPLAST,17.5
Tubo Sal 4 PAVCO,35.24
TUBO SAL 4 PLASTICA,22.43
TUBO SAL 6 PL SN-2 (S25) 160MMX6M PAVCO,135.0
TUBO SAL 6 PL SN-2 (S25) 160MMX6M TIGRE,106.18
TUBO SAL 6 S-25 NARANJA 160MM UF X6 MT KOPLAST,108.33
Tubo Sel Luz 1 PAVCO,11.56
TUBO SEL LUZ 1 PLASTICA,7.5
TUBO SEL LUZ 3/4 BLANCO PLASTICA,2.97
TUBO SEL LUZ 3/4 GRIS KOPLAST,2.9
Tubo Sel Luz 3/4 PAVCO,5.51
TUBO SEL LUZ 3/4 PLASTICA,2.57
Tubo Sel Luz 5/8 PAVCO,7.06
TUBO SEL LUZ 5/8 PLASTICA,2.4
Tuercas Hex 1/4 Zinc S/M,0.0
U±as Para Lavatorio Aluminio S/M,5.0
U±as Para Lavatorio Fierro Fundido S/M,6.55
Union 6x6 Naranja S/M,15.0
Union Bronce 1/2 VALMAX,3.53
Union Cpvc 1/2 Sp PAVCO,1.6
UNION CPVC 3/4 SP PAVCO,2.1
Union Fierro G. 1 FIERRO G,3.5
Union Fierro G. 1/2 FIERRO G,2.0
Union Fierro G. 3/4 FIERRO G,2.5
UNION LUZ SAP 1 PAVCO,2.0
UNION LUZ SEL 3/4 PAVCO,1.0
UNION PVC 1 C/R INYECTOPLAST,3.0
Union Pvc 1 C/R PAVCO,4.08
Union Pvc 1 Mixta INYECTOPLAST,2.7
Union Pvc 1 Mixta PAVCO,3.5
Union Pvc 1 Sp PAVCO,4.13
UNION PVC 1 SP PLASTICA,2.18
Union Pvc 1 Sp PLASTICA,3.0
Union Pvc 1/2 C/R NICOL,1.0
Union Pvc 1/2 C/R PAVCO,2.5
Union Pvc 1/2 Mixta PAVCO,2.5
Union Pvc 1/2 Mixta PLASTICA,1.6
Union Pvc 1/2 Sp GERFOR,1.0
Union Pvc 1/2 Sp HECHIZA,1.0
Union Pvc 1/2 Sp PAVCO,2.2
Union Pvc 1/2 SP PLASTICA,0.88
Union Pvc 3/4 C/R PAVCO,3.3
Union Pvc 3/4 C/R PLASTICA,2.8
Union Pvc 3/4 Mixta INYECTOPLAST,2.0
Union Pvc 3/4 Mixta PAVCO,3.89
UNION PVC 3/4 SP HECHIZA,1.0
Union Pvc 3/4 Sp PAVCO,2.98
Union Pvc 3/4 Sp PLASTICA,1.62
Union Sal 2 HECHIZA,1.8
Union Sal 2 PAVCO,3.0
Union Sal 3 PAVCO,5.55
Union Sal 4 INYECTOPLAST,5.5
Union Sal 4 PAVCO,7.5
UNION SAL 6 S/M,15.0
Union Universal 1/2 PAVCO,4.26
Union Universal 1/2 PCP,4.0
UNION UNIVERSAL 3/4 PVC ERA,4.5
UNION UNIVERSAL CPVC 1/2 PAVCO,12.0
Union Univesal 1 PAVCO,7.8
Union Univesal 3/4 PAVCO,5.6
Valvula Che 1 ROTOPLAST,19.27
Valvula Check 1 Bronce ITALIANA,45.0
Valvula Check Canatilla 1 CIM,74.0
Valvula Check Swing 1 Asiento Goma CIM,93.78
VALVULA CHECK SWING HORIZONTAL 1/2 SWIFT,15.0
Valvula Esferica 1/2 VALMAX,10.0
Valvula Esferica Metal 1/2 C&A,10.0
VALVULA GAS 24 LB 2G GASPER,21.14
Valvula Gas Equipada C/Manguera SURGE,19.87
VALVULA GAS N1 BAJA PRESION FARGAS,21.0
VALVULA Y FLOTADOR BOYA 3/4 ROTOPLAST,54.0
Vidrio Para Soldar 11 Negro S/M,1.0
VIDRIO PARA SOLDAR 12 NEGRO S/M,1.0
VIDRIO PARA SOLDAR TRASPARENTE S/M,0.5
WALL SOCATE OVALADO VARGYOV,3.5
Waype x kg S/M,8.0
WINCHA 3MTS C/PROTECTOR KAMASA,8.0
WINCHA 5 METROS PRETUL,7.22
WINCHA 5 MT C/PROTECTOR KAMASA,8.18
WINCHA 5MTS WINGS,6.5
WINCHA AUTO-LOCK 5 MTS C/AMARILLA TRUPER,16.65
WINCHA AUTO-LOCK 8 MTS C/AMARILLA TRUPER,28.6
Wincha Contra Impacto 3 Mt C&A,5.5
Wincha Contra Impacto 5 Mt C&A,7.2
WINCHA CONTRA IMPACTO 8 MT C&A,15.0
Wincha Econ Amarilla 3 Mt VARIOS,4.17
WINCHA FORRADO 5MTS WINGS,6.99
WINCHA PASACABLE 10MTS METAL FLEXIBLEX,10.0
WINCHA PASACABLE X 10 METROS TRUPER,11.0
WINCHA PASACABLE X 15 METROS TRUPER,14.0
WINCHA PASACABLE X 20 METROS TRUPER,16.0
Yee Sal 2 KOPLAST,3.5
Yee Sal 2 PAVCO,5.5
Yee Sal 2 PLASTICA,3.3
Yee Sal 3 A 2 PAVCO,9.0
YEE SAL 3 A 2 PLASTICA,5.0
Yee Sal 3 PAVCO,10.5
Yee Sal 3 PLASTICA,8.0
Yee Sal 4 A 2 GERFOR,8.0
Yee Sal 4 A 2 KOPLAST,7.0
Yee Sal 4 A 2 PAVCO,11.91
Yee Sal 4 A 2 PLASTICA,6.82
Yee Sal 4 A 3 PAVCO,16.7
Yee Sal 4 GERFOR,13.0
Yee Sal 4 PAVCO,17.99
Yee Sal 4 PLASTICA,12.05
YESO BOLSA X 10 KG S/M,3.0
YESO BOLSA X 15 KG S/M,4.95
YESO CERAMICO X 1KG KOLORCIX,4.06
Yeso Por Kg S/M,0.5
ZAPAPICO 5 LBS C/NEGRO C&A,24.14
Zapapico 5.5 Lbs TRUPER,26.0
