nombre,total,costo
ABRAZADERA GALVANIZADA SIN FIN 5/8 C&A,100,0.22
ACCESORIO PARA WATER C/JALADOR BOYA NEGRA C&A,12,9.15
ACCESORIO PARA WATER C/PULSADOR C&A,9,12.33
ACEITE LUBRICANTE 30ML 3 EN 1,10,3.37
ACEITE LUBRICANTE 90ML 3 EN 1,13,5.74
ACEITE RP RIDER TOWN 4T 20W50 12 X 1LT REPSOL,1,14.83
ACIDO ESPECIAL KRIZZAL,46,2.86
ADAPTADOR CPVC 1/2 PAVCO,20,0.76
ADAPTADOR DE BRONCE 1/2 X 1 1/4 VALMAX,2,1.98
ADAPTADOR DE ENCHUFE UNIVERSAL SWIFT,23,1.53
ADAPTADOR ELECTRICO TRIPLE TIPO T HOME LIGHT,38,1.71
ALAMBRE PUAS X 200MT PRODAC,20,37.22
ALCAYATA 3 (56 UNID-0.50KG) VARIOS,16,0.1
ALICATE PRESION C/JEBE 10 PL ASAKI,6,9.32
APLICADOR SILICONA T/ESQUELETO TRUPER,3,6.42
ARCO DE SIERRA PROFESIONAL ALTA TENSION 12 TRUPER,2,31.79
Abrazadera 3/4 Luz S/M,100,0.17
Aceite P/Maquina Grande 60ml A-1 A-1,1,1.53
Adaptador Pvc 1 PAVCO,58,2.12
Adaptador Pvc 1 PLASTICA,66,0.93
Adaptador Pvc 1/2 PAVCO,95,0.73
Adaptador Pvc 1/2 PLASTICA,120,0.41
Adaptador Pvc 3/4 PAVCO,115,1.4
Adaptador Pvc 3/4 PLASTICA,60,0.47
Afirmado S/M,14.5,23.73
Alambre Galvanizado 16 VELKAS,0,6.19
Alambre Negro 08 PRODAC,774,2.58
Alambre Negro 16 PRODAC,1963,2.58
Alambre Puas 200m C&A,6,26.61
Alambre Tw 14 INDECO,15,0.93
Alcohol 96░ LUCAS,12,7.2
Alicate Corte 6 C&A,4,6.59
Alicate Punta 6 C&A,3,5.73
Alicate Universal 8 KAMASA,2,7.97
Ambientador X Litro Surtido KRIZZAL,9,1.91
Anillo De Cera C/G METUSA,26,3.45
Aplicador Silicona T/Esqueleto C&A,11,3.2
Arco De Sierra 12pl M/Plastico C&A,16,4.85
Arena Amarilla Por Lata S/M,4,0.59
Arena Amarilla S/M,29.25,32.2
Arenilla Fina Por Lata S/M,0.01,0.3
Arenilla S/M,5,16.95
Armella Cerrada 1 1/2 Pl S/M,64,0.17
Armella Cerrada 1 Pl S/M,58,0.14
BADILEJO M/GOMA 6 KAMASA,8,4.08
BADILEJO M/MADERA 6 C&A,6,2.34
BADILEJO M/MADERA 7 C&A,9,2.18
BISAGRA 1 1/2 BISA,16,0.64
BORNES PARA BATERIA KAMASA,6,2.97
BROCHA DE NYLON M/MADERA 1 TUMI,14,0.85
BROCHA DE NYLON M/PLASTICO 1 COPERSA,11,0.59
BROCHA DE NYLON M/PLASTICO 11/2 COPERSA,12,1.02
BROCHA DE NYLON M/PLASTICO 21/2 COPERSA,16,1.53
BROCHA DE NYLON M/PLASTICO 3 COPERSA,15,2.03
Base Zincromato 1/4 Galon VELSALIT,8,10.59
Bisagra 2 1/2 BISA,76,0.85
Bisagra 2 BISA,80,0.67
Bisagra 3 1/2 BISA,9,1.2
Bisagra 3 BISA,7,0.98
Bisagra 4 BISA,34,1.69
Bisagra Fija Aluminizada 4 ALUMINIZADA,13,3.74
Broca Para Concreto 1/2-13mm VARIOS,3,4.92
Broca Para Concreto 1/4-6.5mm VARIOS,4,2.2
Broca Para Concreto 1/8-3mm VARIOS,14,1.1
Broca Para Concreto 3/16-5mm VARIOS,9,1.95
Broca Para Concreto 3/8-10mm VARIOS,7,2.75
Broca Para Concreto 5/16-8mm VARIOS,6,2.68
Broca Para Concreto 5/32-4mm VARIOS,10,1.03
Broca Para Fierro Hss 1/16 VARIOS,8,0.76
Broca Para Fierro Hss 1/2 VARIOS,3,8.13
Broca Para Fierro Hss 1/32 VARIOS,17,0.76
Broca Para Fierro Hss 1/4 VARIOS,5,1.72
Broca Para Fierro Hss 3/32 VARIOS,2,0.85
Broca Para Fierro Hss 3/8 VARIOS,7,3.82
Broca Para Fierro Hss 5/16 VARIOS,4,2.54
Broca Para Fierro Hss 5/32 VARIOS,2,1.1
Brocha De Nylon M/Madera 1 C&A,9,0.76
Brocha De Nylon M/Madera 1/2 C&A,21,0.46
Brocha De Nylon M/Madera 2 1/2 C&A,22,1.68
Brocha De Nylon M/Madera 2 C&A,12,1.33
Brocha De Nylon M/Madera 3 C&A,10,2.22
Brocha De Nylon M/Madera 3/4 C&A,12,0.66
Brocha De Nylon M/Madera 4 C&A,12,2.94
Brocha De Nylon M/Madera 5 C&A,13,3.76
Bushing Pvc 1 A 1/2 INYECTOPLAST,24,1.1
Bushing Pvc 1 A 3/4 INYECTOPLAST,70,0.76
Bushing Pvc 1/2 A 1/2 TRANSFORMADO,34,0.62
Bushing Pvc 3/4 A 1/2 INYECTOPLAST,8,0.51
CABEZA DE DUCHA CROMADA CIRCULAR 6 C&A,2,14.51
"CABLE THW-90 + PLUS, 12 AWG INDECO",930,1.84
"CABLE THW-90 + PLUS, 14 AWG INDECO",649.2,1.42
CAJA 12 POLOS P/EMPOTRAR KBA,8,17.13
CAJA CONCRETO DESAGUE BASE S/M,12,7.59
CAJA CONCRETO DESAGUE INTERMEDIA S/M,13,7.63
CAJA CONCRETO DESAGUE PESTAÐA S/M,18,7.77
CAJA CONCRETO DESAGUE TAPA S/M,6,7.2
CAJA RECTANGULAR UNIVERSAL PARA SOBREPONER HOME LIGHT,8,2.06
CAL SACO POR 30 KG CAL,291.5,5.93
CALAMINA 0.14 X 3.60 X 0.80 ACEROS AREQUIPA,447,10.86
CALAMINA 0.22X3.60X0.80 PRODAC,55,17.51
CANALETA 10X20 (3/4) HOME LIGHT,17,0.97
CARETA PARA SOLDA /CABECERA AMARILLA C&A,3,10.01
CARRETILLA RHINO AMARILLA RHINO,8,84.75
CARRETILLA T/BUGGY C/LLANTA REF T/HOJA AZUL 5.5P C&A,3,0
CAÐO JARDINERO CIM,11,26.1
CAÐO JARDINERO PVC BLANCO TOSISAC,227,1.57
Cemento Azul Antisalitre PACASMAYO,427,28.14
CEMENTO ROJO MOCHICA,313,24.87
CEMENTO ROJO PACASMAYO,1331,25.93
CERA ROJA SILICONEADA X 1LT LUCAS,2,3.81
CERRADURA INTERIOR BOLA WINGS,5,8.05
CERROJO N1 31/2 PL SANSON SANSON,3,1.19
CERROJO N2 5 PL SANSON SANSON,2,1.48
CHALECO POLIESTER NARANJA C&A,1,2.65
CHAPA BOLA CROMADO C&A,6,9.26
CINTA AISLANTE 3M 155 GRANDE 3M,76,2.99
CINTA AISLANTE 3M 155 PEQUEÐO 3M,51,1.38
CINTA AISLANTE 3M 165 19MMX18.3M AMARILLO 3M,5,3.65
CINTA AISLANTE 3M 165 19MMX18.3M AZUL 3M,1,3.65
CINTA EMBALAJE 2 X 200 YDS KNAUF,35,5.24
CINTA REFLECTIVA BLANCO/ ROJO 2 PLG KNAUF,45.7,1.55
CLAVO ACERO 1 1/2-3.5X50MM CAJ-1KG (416UNI) VARIOS,774,0.02
CLAVO ACERO 1(CAJA 345 X 1KG) VARIOS,26,0.02
CLAVO ACERO 2 1/2-3.5X60MM CAJ-0.50KG(72 UNID) VARIOS,140,0.06
CLAVO ACERO 2-3.5X50MM CAJ-1KG (247UNI) VARIOS,508,0.03
CLAVO ACERO 3-4.3X75MM CAJ-1KG (104UNI) VARIOS,524,0.08
CLAVO P/MADERA 1 1/2 CONFER CONFER,11.25,3.73
CLAVO P/MADERA 5 CONFER CONFER,29.1,5.08
CLAVO PARA CALAMINA C/ARANDELA C&A,39.15,4.17
CODO PVC 1 SP PLASTICA,28,1.52
CODO PVC 1/2 SP PLASTICA,152,0.63
CODO PVC MIXTO 1/2 PLASTICA,136,0.54
CODO PVC MIXTO 3/4 PAVCO,44,2.54
CODO SAL 4 PAVCO,44,5.8
CODO SAL 4 PLASTICA,40,3.02
COLA SINTETICA 1 KG LOSARO,10,5.3
COLA SINTETICA 1/2 KG VELSALIT,7,2.54
COMBA C/MANGO FIBRA DE VIDRIO 8LBS C&A,2,27.82
CORDON VULCANIZADO 2X12 NMT(SJT-0) INDECO INDECO,35,4.8
CRUZETA 2 MM 100UND VARIOS,31,1.53
CRUZETAS 1 MM 100UND VARIOS,1,0
CUCHILLO CARTONERO CUTER EUROTOOLS,15,0.42
CURVA LUZ SAP 1 PAVCO,1,1.27
Cabeza Ducha Cromada Peque±a C&A,1,7.27
Cabeza Ducha pvc grande Completa S/M,26,1.8
Cable Mellizo 2X18 INDECO,222.5,1.04
Cable Mellizo 2x16 INDECO,585,1.91
Caja 2 Polos P/Empotrar KBA,15,3.75
Caja 2 Polos P/Empotrar XACE,6,3.22
Caja 4 Polos P/Empotrar KBA,14,8.81
Caja 6 Polos P/Empotrar KBA,11,9.96
Caja 8 Polos P/Empotrar KBA,4,13.14
Caja Concreto Para Agua CONCRETO,11,11.02
Caja De Pase 100 X 100 X 70 XACE,10,3.4
Caja De Pase 150 X 150 X 80 XACE,8,5.51
Caja De Pase 200 X 200 X 80 XACE,3,11.86
Caja De Pase Liso 10.2 X 10.2 X 5.5 STECK,3,4.83
Caja De Pase Liso 23.4 X 17.4 X 9 STECK,6,15.26
Caja Octagonal AMERICA,131,0.32
Caja Octagonal PAVCO,242,1.27
Caja Piramide P/Cuchilla Sobreponer 2 Polos S/M,12,1.27
Caja Rectangular AMERICA,109,0.28
Caja Rectangular PAVCO,529,1.23
Calamina 0.14x1.80x0.80 PRODAC,50,5.93
Calamina Traslucida Gran Onda TECHITO,11,70.34
Calamina Traslucida Perfil 4 TECHITO,56,26.27
Calamina Traslusida onda 76 1.80x0.84 Liviana TECHITO,25,14.83
Calamina Traslusida onda 76 3.60x0.84 Liviana TECHITO,5,29.83
Camara P/Llanta Carretilla TRUPER,12,6.36
Canaleta 10x15 HOME LIGHT,51,0.92
Candado Dorado 32 Mm ECONOMICA,12,1.93
Candado Dorado 38mm ECONOMICA,11,2.41
Candado Dorado 50mm ECONOMICA,14,3.36
Candado Dorado 63 Mm ECONOMICA,5,5.06
Capuchon Pvc Rojo VARIOS,1014,0.08
Ca±o Botadero Bronceado Liso C&A,14,4.16
Ca±o Botadero M/Redondo Metal C&A,8,3.76
Ca±o Jardinero Bronceado Liso C&A,10,4.9
Ca±o Jardinero M/Rojo Metal C&A,8,5.88
Ca±o Jardinero Naranja PCP,15,12.2
Ca±o P/Lavanderia 1/2 C&A,11,7.6
Cemento Blanco KOLORCIX,8,1.73
Cemento VARIOS,4,0.51
Cerradura 226 FORTE,8,55.09
Cerradura 240 FORTE,5,54.98
Cerradura 444 Barra TRAVEX,1,0
Cerrojo N4 8pl SANSON,6,4.8
Cinta Aislante Grande TECNOFAN,101,2.54
Cinta Aislante Peque±o TECNOFAN,36,0.81
Cinta Masketing 1 PEGAFAN,20,2.53
Cinta Masketing 1/2 PEGAFAN,14,1.3
Cinta Masketing 2 PEGAFAN,25,4.88
Cinta Masketing 3/4 PEGAFAN,9,1.78
Cinta P/Medir Plastica 50 Metros ASAKI,1,14.83
Cinta Teflon 1/2 X 12m C&A,41,0.29
Cinta Teflon P/Gas Amarilla 1/2 Magnun MAGNUN,45,0.63
Cizalla 12 M/Tubular C&A C&A,6,14.75
Cizalla 18 M/Tubular C&A C&A,6,18.68
Clavo Acero 4-4.5X100mm Caj X 81unid X Kg VARIOS,161.5,0.11
Clavo Acero 5 P Caj X 1 Kg 58 Unid VARIOS,148,0.19
Clavo P/Madera 1 Confer CONFER,14.35,4.07
Clavo P/Madera 2 1/2 Confer CONFER,650.5,2.91
Clavo P/Madera 2 Confer CONFER,79.45,3.05
Clavo P/Madera 3 Confer CONFER,94.45,3.11
Clavo P/Madera 4 Confer CONFER,76.1,3.11
Clavo P/Madera 6 Confer CONFER,85.55,5.08
Clavo P/Madera 7 Confer CONFER,41.05,4.99
Clavo Para Calamina C&A C&A,0,4.75
Codo Bronce 1/2 VALMAX,18,2.02
Codo Cpvc 1/2 Sp PAVCO,72,0.72
Codo Cpvc 3/4 Sp PAVCO,66,1.8
Codo Fierro G. 1 FIERRO G,16,2.46
Codo Fierro G. 1/2 FIERRO G,81,1.19
Codo Fierro G. 3/4 FIERRO G,6,1.7
Codo Pvc 1 C/Rosca PAVCO,43,3.77
Codo Pvc 1 C/Rosca PLASTICA,21,1.9
Codo Pvc 1 Sp PAVCO,94,2.46
Codo Pvc 1/2 C/Rosca NICOL,14,0.42
Codo Pvc 1/2 C/Rosca PAVCO,39,1.31
Codo Pvc 1/2 Sp PAVCO,105,1.19
Codo Pvc 3/4 C/Rosca PAVCO,19,2.46
Codo Pvc 3/4 C/Rosca PLASTICA,41,1.53
Codo Pvc 3/4 SP PLASTICA,107,1.03
Codo Pvc 3/4 Sp PAVCO,91,2.12
Codo Pvc Mixto 1 INYECTOPLAST,6,1.36
Codo Pvc Mixto 1/2 PAVCO,49,1.32
Codo Sal 2 PAVCO,85,1.41
Codo Sal 2 PLASTICA,173,0.73
Codo Sal 3 PAVCO,30,4.53
Codo Sal 3 PLASTICA,32,2.69
Codo Sal 4x2 PAVCO,23,7.78
Codo Sal 4x2 PLASTICA,8,4.49
Cola Sintetica Clasica TEKNOCOLA,12,8.07
Cola Sintetica VELSALIT,3,4.1
Comba C/Mango Madera 4lbs C&A,4,12.85
Comba De Goma 500 Gr M/Madera VARIOS,2,5.93
Confitillo Fino S/M,1,38.14
Curva Sel 1 PAVCO,32,0.76
Curva Sel 3/4 PAVCO,429,0.26
Curva Sel 3/4 PLASTICA,1225,0.16
Curva Sel 5/8 PAVCO,21,0.3
DESARMADOR REVERSIBLE 5 X 70 C&A,12,0.29
DESARMADOR REVERSIBLE 6X35 C&A,8,0.92
DESARMADOR REVERSIBLE M/ERGON 6 X 100MM C&A,7,2.8
DIAFRACMA O SAPITO SANY,4,4.66
DISCO CORTE FIERRO 4 1/2 3M,56,2.63
DISCO CORTE MADERA 4 1/2 24T KAMASA,9,4.17
DISCO CORTE MADERA 4 1/2 40T KAMASA,34,5.48
DISCO CORTE MADERA 7 24T KAMASA,18,8.9
DISCO DE LIJAS FLAP PULIR P60 VARGYOV,23,1.7
DISCO PLATO C/LIJA 4 1/2 VARGYOV,4,3.22
DISCO TRONZADORA 14 DEWALT,17,12.29
DRIZA POLIPROPILENO 1/4 AZUL(42MT X 5KG) C&A,536,0.27
DRIZA POLIPROPILENO 1/8 AZUL (196 MTS1KG) C&A,356,0.09
DRIZA POLIPROPILENO 5/16 BLANCO C&A,380,0.52
DRIZA POLIPROPILENO 7/16 BLANCO C&A,397,0.75
Desague Para Lavadero Con Coleta Pvc PICETTI,1,5.93
Desarmador Reversible 5 X 75 C&A,16,0.72
Desarmador Reversible 5x65 WINGS,2,0.94
Desarmador Reversible 6 X 90 C&A,11,0.95
Desatorador Para Water S/M,12,2.02
Disco Corte Concreto 4 1/2 Continuo KAMASA,18,4.57
Disco Corte Concreto 4 1/2 KAMASA,13,4.83
Disco Corte Concreto 7 KAMASA,12,12.64
Disco Corte Fierro 4 1/2 DEWALT,177,2.2
Disco Corte Fierro 4 1/2 NORTON,50,1.86
Disco Corte Fierro 7 3M,24,4.11
Disco Corte Fierro 7 DEWALT,90,3.97
Disco Desbaste 4 1/2 DEWALT,12,3.12
Disco Desbaste 7 DEWALT,16,6.61
ENCHUFE INDUSTRIAL C/TIERRA HOME LIGHT,5,1.21
ENCHUFE INDUSTRIAL S/TIERRA HOME LIGHT,20,1.79
ESCOBILLON 41CM HUDE,1,9.8
ESCOBILLON ITALIANA,6,6.36
ESCUADRA FIERRO 6 PLG UYUSTOOLS,12,3.79
ESCUADRA FIERRO 8 PLG UYUSTOOLS,12,4.1
ESPATULA M/GOMA 2 PRO C&A,12,1.6
ESPONJA DULOPILLO DOLOPIO,66,0.21
EXTENSION C/3 TOMAS C/FOCO 10M HOME LIGHT,3,10.35
EXTENSION C/3 TOMAS C/FOCO 3M HOME LIGHT,6,5.56
EXTENSION C/3 TOMAS C/FOCO 5M HOME LIGHT,5,6.48
Electronivel 3 Mts ROTOPLAST,3,43.64
Enchufe De Colores EUROLITE,99,0.76
Enchufe Negro PLANO HOME LIGHT,111,0.4
Escobilla Fierro Acerado 4x14 C&A,14,1.5
Escobilla copa 3 Trensado KHOPPER,29,2.96
Escuadra 12 ASAKI,8,6.78
Esmalte 1/16 Amarillo Md VARIOS,2,4.07
Esmalte 1/16 Azul Naval VARIOS,5,3.81
Esmalte 1/16 Bayo VARIOS,7,3.81
Esmalte 1/16 Crema VARIOS,9,3.81
Esmalte 1/16 Gris Claro VARIOS,7,4.24
Esmalte 1/16 Gris Oscuro VARIOS,5,3.81
Esmalte 1/16 Nogal VARIOS,4,3.81
Esmalte 1/16 Verde Cromo VARIOS,8,4.15
Esmalte 1/32 Amarillo Md VARIOS,3,2.12
Esmalte 1/32 Azul Electrico VARIOS,6,2.12
Esmalte 1/32 Azul Ultramar VARIOS,6,2.12
Esmalte 1/32 Bayo VARIOS,7,2.12
Esmalte 1/32 Blanco VARIOS,13,2.78
Esmalte 1/32 Celeste VARIOS,4,2.12
Esmalte 1/32 Gris Claro VARIOS,12,2.79
Esmalte 1/32 Gris Oscuro VARIOS,10,2.12
Esmalte 1/32 Naranja VARIOS,4,2.12
Esmalte 1/32 Negro VARIOS,6,2.71
Esmalte 1/32 Nogal VARIOS,7,2.12
Esmalte 1/32 Verde Esmeralda VARIOS,2,2.12
Esmalte 1/4 Amarillo Md VARIOS,3,8.48
Esmalte 1/4 Azul Electrico VARIOS,1,8.48
Esmalte 1/4 Bayo VARIOS,3,8.47
Esmalte 1/4 Blanco VARIOS,7,9.32
Esmalte 1/4 Caoba VARIOS,12,8.9
Esmalte 1/4 Celeste VARIOS,3,8.48
Esmalte 1/4 Gris Claro VARIOS,3,8.47
Esmalte 1/4 Gris Oscuro VARIOS,4,8.53
Esmalte 1/4 Negro VARIOS,29,8.9
Esmalte 1/4 Verde Cromo VARIOS,5,8.48
Esmalte 1/8 Bayo VARIOS,1,4.66
Esmalte 1/8 Celeste VARIOS,2,4.66
Esmalte 1/8 Rojo Bermellon VARIOS,1,5.93
Esmalte 1/8 Rojo Oxido VARIOS,1,5.51
Esmalte 1/8 Verde Cromo VARIOS,5,5.76
Espatula M/Madera 1 1/2 C&A,13,1.42
Espatula M/Madera 2 C&A,9,1.3
Espatula M/Madera 3 C&A,2,1.55
Eternit Gran Onda 3.05m X 1.10m ETERNIT,159,51.63
Eternit Perfil 4 3.05 X 1.10 ETERNIT,140,43.22
Extension C/3 Tomas C/Foco 15m HOME LIGHT,2,13.07
FIERRO 6MM PRODAC,222,5.14
FOCO LED 12 W SWIFT,22,1.54
FOCO LED 18 W SWIFT,41,2.79
FOCO LED 20 W SWIFT,40,4.04
FOCO LED 9 W SWIFT,1,2.15
FOCO LED DECORATIVO 46 W T/HELICE L/DIA HOME LIGHT,6,15.74
FOCO LED GU 5.3-T11 5W 6500K SWIFT,1,1.7
FOCO LED UFO CIRCULAR 24 W L/DIA HOME LIGHT,6,10.71
FOCO LED UFO CIRCULAR 40 W L/DIA HOME LIGHT,4,13.09
FORTACHO DE PLASTICO 20 X 15 S/M,9,5.08
FORTACHO DE PLASTICO 25 X 17 S/M,8,6.78
FORTACHO DE PLASTICO 27 X 18 S/M,8,8.18
FORTACHO DE PLASTICO 30 X 20 S/M,4,8.48
FORTACHO DE PLASTICO 38 X 24 S/M,2,0
FORTACHO DE PLASTICO 40 X 26 S/M,4,12.71
FORTACHO DE PLASTICO 6 X 30 S/M,7,3.81
FRAGUA BEIGGE SANSON,8,3.22
FRAGUA BLANCO SANSON,30,3.09
FRAGUA CELESTE SANSON,11,3.39
FRAGUA COLORES VARIOS QUIZUD,12,0.09
FRAGUA CUERO SANSON,10,3.22
FRAGUA GRIS PLATA SANSON,2,0
FRAGUA HUESO SANSON,17,3.04
FRAGUA MARRON SANSON,5,3.22
FRAGUA NEGRA SANSON,7,4.41
Fierro 1/2 SIDERPERU,154,27.36
Fierro 12 MM SIDERPERU,181,25.14
Fierro 3/4 SIDERPERU,12,62.94
Fierro 3/8 SIDERPERU,286,15.37
Fierro 5/8 SIDERPERU,39,42.33
Fierro 6 MM SIDERPERU,307,6.15
Fierro 8 MM SIDERPERU,382,11.03
Foco 36 W PHELIPS,5,3.81
Foco 42 W PHELIPS,8,4.66
Foco 85 W PHELIX,3,9.32
Foco Led 12 W PHILIPS,1,3.69
Foco Led 15 W SWIFT,4,1.98
Foco Led 7 W SWIFT,40,1.12
Foco Led Nicroico KROSL,10,4.24
GANCHO J 1/4 X 2 1/2 S/M,331,0.21
GANCHO J 1/4 X 2 S/M,642,0.19
GANCHO J 1/4 X 3 S/M,344,0.25
GANCHO J 1/4 X 5 S/M,1,0.34
GLOSS  DE 1/4  BLANCO GLOSS,4,17.62
GUANTE TELA COLORES VARIOS FERRAWY,166,2.27
GUANTES DE HILO ANTICORTE ECON FERRAWY,200,1.66
Gancho Cuadrado 1/4 x 1 1/2 x 6 1/4 G.O S/M,25,0.5
Grapa Para Cable Blanco 7mmx100unid UYUSTOOLS,2,2.12
Grapas Alambre Pua C&A,53,4.66
Gru±a De Canto TIGRE,6,2.97
Gru±a De Centro TIGRE,4,2.97
Guante Conveniente Talla M Clasica VIRUTEX,4,2.55
Guante Conveniente Talla S Clasica VIRUTEX,7,2.79
HOZ DENTADA 16 C&A,5,4.81
Hisopo C/Base S/M,6,3.36
INFLADOR P/NEUMATICOS 23PL TRUPER,4,16.92
INSECTICIDA AZUL 3 EN 1 COCK BRAND,18,6.21
INSECTICIDA ROJO 3 EN 1 COCK BRAND,3,6.21
INTERRUPTOR COLGANTE(AEREO) HOME LIGHT,19,0.92
INTERRUPTOR DOBLE 3VIAS P/CONMUTACION HOME LIGHT,10,1.53
INTERRUPTOR SIMPLE P/SOBREPONER HOME LIGHT,56,0.92
INTERRUPTOR TRIPLE P/EMPOTRADO FERRAWY,12,2.12
INTERRUPTOR-TOMACPRRIENTE MIXTO P/EMP HOME LIGHT,21,1.81
Interruptor Doble P/Conmutacion TICINO,12,17.27
Interruptor Doble P/Empotrado HOME LIGHT,104,1.6
Interruptor Doble P/Empotrado TICINO,28,10.9
Interruptor Simple 3vias P/Conmutacion HOME LIGHT,15,1.24
Interruptor Simple P/Empotrado HOME LIGHT,50,1.2
Interruptor Simple P/Empotrado TICINO,18,8.01
Interruptor Triple P/Empotrado HOME LIGHT,66,2.26
Interruptor Triple P/Empotrado TICINO,7,17.03
Kresso 1L KRIZZAL,12,2.83
LAVADERO 2 POZAS 1.10MT X 48CM X 0.80 S/M,1,94.35
LAVADERO 75 X 40 CM ALUMINIO 1 POZA S/M,1,27.54
LAVADERO 96 X 43 CM ALUMINIO 1 POZA S/M,1,31.78
LENTE SEGURIDAD NEGRO ACHINADO ASAKI,121,1.73
LIJA AL AGUA N░ 1200 ABRALIT,65,0.59
LIJA AL AGUA N░ 1500 ABRALIT,24,0.59
LIJA AL AGUA N░ 2000 ABRALIT,6,0.59
LIJA AL AGUA N░ 240 ABRALIT,2,0.59
LIJA AL AGUA N░ 320 ABRALIT,45,0.59
LIJA AL AGUA N░ 400 ABRALIT,14,0.59
LIJA N░ 220 PARA FIERRO ABRALIT,71,0.59
LIJA N░ 280 PARA FIERRO ABRALIT,24,0.59
LIJA PARA MADERA N░ 80 ASA,28,1.23
LIJADORA DE SANDALIA S/M,4,6.36
LIMA REDONDA BASTARDA 8 TRUPER,7,5.09
LIMA TRIANGULAR PESADA C/M 8 PL TRUPER,7,6.31
LIMA TRIANGULAR PESADA C/POLI 7 PL TRUPER,5,3.83
LLANTA COMPLETA IMPONCHABLE P/CARRETILLA C/ARO C&A,4,35.53
LLAVE CRUZ 14 (7X19X21X23) C&A,1,16.7
LLAVE DE DUCHA MANIJA ASPA C&A,1,0
LLAVE DE DUCHA MODELO Z C&A,4,14.14
LLAVE DE LAVATORIO CROMADO GRIFEMA,6,11.87
LLAVE DE LAVATORIO MUEBLE MODELO C C&A,1,15.2
LLAVE DE LAVATORIO MUEBLE MODELO Z C&A,12,13.82
LLAVE DE LAVATORIO PARED P/GANSO FLEX GRIS C&A,4,17.03
LLAVE DE LAVATORIO PARED P/GANSO FLEX NEGRO C&A,5,16.73
LLAVE ESTILSON 10 C&A,4,10.89
LLAVE ESTILSON 12 C&A,2,10.69
LLAVE HALEN EXAGONAL CROMADO 8 PCS KAMASA,2,3.33
LLAVE PASO 1 CIM,5,46.19
LLAVE PASO 1/2 S/ROSCA C&A,8,1.27
LLAVE PASO PVC CON UNIVERSAL 1/2 ERA,3,5.08
LUBRICANTE MULTIUSO P/AFLOJAR 11 OZ KNAUF,12,4.57
Ladrillo Concreto Tipo 12 S/M,165,1.27
Ladrillo Pandereta TERRANOVA,50,0.24
Ladrillo Techo 12 SIPAN,402,2.16
Ladrillo Techo 15 ITAL,0,2.46
Lija Al Agua N░ 120 ASA,24,1.04
Lija Al Agua N░ 150 ASA,13,1
Lija Al Agua N░ 180 ASA,3,0.98
Lija Al Agua N░ 80 ASA,5,1.19
Lija N░ 100 Para Fierro ASA,132,0.89
Lija N░ 120 Para Fierro ASA,70,0.98
Lija N░ 150 Para Fierro ASA,184,0.95
Lija N░ 180 Para Fierro ASA,69,1.08
Lija N░ 40 Para Fierro ASA,45,1.2
Lija N░ 60 Para Fierro ASA,27,1.58
Lija N░ 80 Para Fierro ASA,34,1.4
Lija Para Madera N░ 100 ASA,27,1.06
Lija Para Madera N░ 180 ASA,33,1.05
Linterna Recargable HOME LIGHT,3,16.4
Llanta Completa P/Carretilla Ref C/Aro C&A,7,27.57
Llanta Sola P/Carretilla C&A,7,9.79
Llave De Ducha Modelo C C&A,2,15.55
Llave De Lavatorio Mueble Modelo A C&A,5,13.92
Llave De Lavatorio Mueble Modelo D C&A,9,13.42
Llave De Lavatorio Pared P/Ganso Mod B C&A,5,12.47
Llave De Lavatorio Pared P/Ganso Mod F C&A,2,12.81
Llave Francesa 10 C&A,6,7.59
Llave Francesa 12 C&A,6,9.51
Llave Francesa 8 C&A,7,6.08
Llave Mixta 10mm FERRAWY,9,0.94
Llave Mixta 11mm FERRAWY,10,0.98
Llave Mixta 12mm FERRAWY,11,1.05
Llave Mixta 13mm FERRAWY,10,1.15
Llave Mixta 14mm FERRAWY,17,1.32
Llave Mixta 15mm FERRAWY,10,1.58
Llave Mixta 17mm FERRAWY,15,1.82
Llave Mixta 19 C&A,13,2.15
Llave Mixta 8 C&A,8,0.88
Llave Para Amoladora 41/2 FERRAWY,10,2.54
Llave Para Taladro 41/2 UYUSTOOLS,12,1.7
Llave Paso 1/2 CIM,5,22.47
Llave Paso 3/4 CIM,6,33.24
Llave Paso Metal 1/2 VALMAX,9,6.73
Llave Paso Pvc 1 PAVCO,14,7.18
Llave Paso Pvc 1/2 C/R PAVCO,46,2.7
Llave Paso Pvc 3/4 PAVCO,31,4.12
Llave Termomagnetica 2X16 A SCHNEIDER,5,20.34
Llave Termomagnetica 2X16 A TICINO,9,30.73
Llave Termomagnetica 2X20 A TICINO,9,30.9
Llave Termomagnetica 2X25 A TICINO,10,29.84
Llave Termomagnetica 2X32 A TICINO,5,30.93
Llave Termomagnetica 2x20 A SCHNEIDER,5,22.03
Llave Termomagnetica 2x25 A SCHNEIDER,9,21.09
Llave Termomagnetica 2x32 A SCHNEIDER,3,23.11
MACHETE CAÑERO M/MADERA C/GANCHO 14 BELLOTA,2,10.59
MACHETE T/SABLE M/NEGRO 22 PL BELLOTA,3,11.02
MALLA GALVANIZADA CUADRADA 1/2 PESADA PRODAC,120,3.16
MALLA GRIS PARA ZANCUDO 1.20 VARIOS,26,1.11
MALLA RASCHEL 65% 4.2 MT 27.3KG VERDE VARIOS,47,3.13
MALLA RASCHEL 90% 4.20MT 39.9KG VERDE VARIOS,8,4.39
MANGUERA DE COLOR DUPLEX 5/8 X 100 MT DUPLEX,84,0.55
MANGUERA REFORZADA P/GAS NARANJA 3/8 2M,26,1.29
MANGUERA REFORZADA PVC VERDE 1 2M,115,2.39
MANGUERA REFORZADA PVC VERDE 3/4 2M,56,1.48
MANGUERA REFORZADA PVC VERDE 5/8 2M,81,0.98
MARTILLO DE GOMA C/BLANCO 16 ONZ TRUPER,3,10.46
MARTILLO M/FIBRA VIDRIO 16 ONZ C&A,6,8.5
MARTILLO M/MADERA 20OZ C&A,6,8
MERLUZA KOLORCIX,16,1.02
Malla Metalica Galvanizada 1/2 VARIOS,132,1.25
Malla Plastificada Verde 1/2 X 10kg VARIOS,108,1.4
Malla Plastificada Verde Pesada 1/2 X 3pl X 25kg VARIOS,60.7,4.15
Malla Verde Para Zancudo 1.20 VARIOS,29.5,1.38
Malla Verde Para Zancudo 90 Cm VARIOS,192,0.96
Manguera De Color Duplex 1 X 100 Mt DUPLEX,51,1.44
Manguera De Color Duplex 3/4 X 100 Mt DUPLEX,1,0.92
Manguera Ref Trans P/Autm 3/8 2M,114,0.45
Martillo M/Fibra Vidrio 16onz TRUPER,2,19.92
Martillo M/Madera 34mm TRAMONTINA,2,22.03
Masilla Para Carro BONFLEX,31,8.47
Masilla Para Madera AMERICA,4,2.12
NAYLO DE PESCAR 50 PRETUL,9,2.54
NIPLE PVC 1 X 1 1/2 TRANSFORMADO,35,0.6
NIPLE PVC 1 X 1 TRANSFORMADO,105,0.36
NIPLE PVC 1 X 2 TRANSFORMADO,28,0.68
NIPLE PVC 1 X 4 TRANSFORMADO,46,1.27
NIPLE PVC 1/2 X 3 TRANSFORMADO,94,0.59
NIPLE PVC 3/4 X 1 TRANSFORMADO,47,0.68
NIPLE PVC 3/4 X 2 1/2 TRANSFORMADO,98,0.54
NIPLE PVC 3/4 X 2 TRANSFORMADO,5,0.61
NIVEL DE ALUMINIO PROFESIONAL 12 PL TRUPER,6,11.38
NIVEL DE ALUMINIO PROFESIONAL 18 PL TRUPER,6,16.9
NIVEL DE ALUMINIO PROFESIONAL 24 PL TRUPER,5,20.63
NIVEL DE ALUMINIO PROFESIONAL 36 PL TRUPER,4,27.57
NIVEL PLASTICO AMARILLO 14 PLG UYUSTOOLS,12,3.01
NIVEL PLASTICO AMARILLO 18 PLG UYUSTOOLS,6,3.27
Naylo De Pescar 100 ARATY,6,7.54
Naylo De Pescar 40 ARATY,4,2.61
Naylo De Pescar 45 ARATY,5,3.22
Naylo De Pescar 60 ARATY,7,4.24
Naylo De Pescar 70 ARATY,5,4.66
Naylo De Pescar 80 ARATY,6,6.19
Niple 1 X 1 FIERRO G,14,1.1
Niple 1/2 X 1 1/2 FIERRO G,4,0.59
Niple 1/2 X 1 FIERRO G,48,0.51
Niple 3/4 X 3 FIERRO G,30,1.1
Niple Pvc 1 X 3 TRANSFORMADO,13,0.93
Niple Pvc 1/2 X 1 1/2 TRANSFORMADO,24,0.31
Niple Pvc 1/2 x 1 TRANSFORMADO,104,0.31
Niple Pvc 1/2 x 2 1/2 TRANSFORMADO,78,0.51
Niple Pvc 1/2 x 2 TRANSFORMADO,63,0.38
Niple Pvc 3/4 x 3 TRANSFORMADO,31,0.76
Niple Pvc 3/4 x 6 TRANSFORMADO,4,0.68
Ocre Azul BAYER,20,3.02
Ocre Negro BAYER,42,2.78
Ocre Rojo BAYER,31,2.97
Ocre Verde BAYER,24,3.05
PAJARAFIA TORCIDA CONO VARIOS,4,5.09
PAJARRAFIA PAQ X 12 UNID S/M,21,0.48
PARCHE DE LLANTA VIPAL R-01 VIPAL,70,0.34
PEGAMENTO 1/16 DORADO OATEY,1,0
PEGAMENTO 1/4 NARANJA OATEY,2,27.12
PEGAMENTO 1/8 AZUL OATEY,3,27.97
PEGAMENTO FRIO BV-03 VIPAL,1,6.78
PEGAMENTO GRIS CERAMICA INTERIORES ADJ,1,7.2
PEGAMENTO GRIS CERAMICA PREMIUM ADJ,3,10.59
PERNO HEX 1/4 X 2 1/2 G2 S/M,73,0.23
PERNO HEX 1/4 X 3 G2 S/M,4,0.28
PIEDRA DE AFILAR 8X2X1 KAMASA,2,3.82
PINCEL PLANO 18 C&A,1,0.57
PINCEL PLANO 22 C&A,10,0.75
PINCEL PLANO 24 C&A,9,0.97
PINTURA EN BALDE AMARILLO KOLORCIX,3,13.56
PINTURA EN BALDE ARTICO KOLORCIX,4,11.02
PINTURA EN BALDE CELESTE KOLORCIX,5,11.1
PINTURA EN BALDE CITRON KOLORCIX,5,10.95
PINTURA EN BALDE CREMA KOLORCIX,4,11.02
PINTURA EN BALDE GRIS CLARO KOLORCIX,5,11.44
PINTURA EN BALDE LILA KOLORCIX,5,10.65
PINTURA EN BALDE MAIZ KOLORCIX,5,10.88
PINTURA EN BALDE MARFIL KOLORCIX,2,11.44
PINTURA EN BALDE MELON KOLORCIX,3,10.88
PINTURA EN BALDE NARANJA KOLORCIX,3,12.71
PINTURA EN BALDE PISTACHO KOLORCIX,4,12.71
PINTURA EN BALDE ROJO TEJA KOLORCIX,4,11.44
PINTURA EN BALDE TURQUESA KOLORCIX,3,10.59
PINTURA EN BALDE VERDE ESMERALDA KOLORCIX,3,10.76
PINTURA EN BOLSA BLANCO HUMO KOLORCIX,9,2.37
PINTURA EN BOLSA BLANCO KOLORCIX,35,2.49
PINTURA EN BOLSA BLANCO X 25KG KOLORCIX,11,15.25
PINTURA EN BOLSA LILA KOLORCIX,14,2.5
PINTURA EN BOLSA MARFIL KOLORCIX,12,2.35
PINTURA EN BOLSA ROJO TEJA KOLORCIX,13,2.36
PINTURA SPRAY AZUL ELECTRICO C&A,12,2.47
PINTURA SPRAY CATERPILLAR C&A,14,2.89
PINTURA SPRAY DORADO C&A,10,3.88
PINTURA SPRAY NEGRO BRILLANTE C&A,75,2.47
PINTURA SPRAY NEGRO MATE C&A,24,2.51
PLANCHA DE BATIR M/GOMA 7 C&A,1,3.89
PLANCHA DE BATIR M/GOMA 8 KAMASA,13,7.63
PLANCHA PULIR LISA M/GOMA 11 X 5 PRO C&A,6,6.66
PLANCHA RASPIN DENTADA M/GOMA 11 X 5PL C&A,10,5.68
PLANCHA RASPIN M/GOMA ROJO BESTOOL,1,9.29
PLASTICO AZUL-NEGRO 1.50 MT(ROLL 120MT) S/M,116.5,1.97
PLASTICO AZUL-NEGRO 2METROS(ROLLO80MTS) S/M,177,2.59
PRECINTO 3 X 100 VARIOS,50,0.04
PRECINTO 3.6MM X 200 HOME LIGHT,150,0.01
PRECINTO 4.8 X 250 VARIOS,22,0.04
Palana Cuchara M/Negro C&A,13,9.84
Palana Recta M/Negro C&A,4,0
Palo Pulido Zapapico S/M,3,5.51
Palo Repuesto De Escoba S/M,5,1.27
Pegamento 1/32 Azul OATEY,158,8.31
Pegamento 1/4 Azul OATEY,7,38.98
Pegamento 1/4 Dorado OATEY,9,32.54
Pegamento 1/8 Dorado OATEY,10,22.12
Pegamento Africano 1/32 TEROCAL,12,3.4
Pegamento Africano 1/4 Galon TEROCAL,4,12.2
Pegamento Azul C/Brocha DATEY,101,2.78
Pegamento Blanco Flexible Porcelanato CHECERAMIC,99,13.81
Pegamento Gris Ceramica CHECERAMIC,162,6.54
Perno Anclaje S/M,22,0.85
Perno De Sujecion S/M,22,1.35
Piedra Base S/M,1.75,33.67
Piedra Chancada 1/2 Por Lata S/M,2,0.85
Piedra Chancada 1/2 S/M,9,50.85
Piedra Chancada 3/4 S/M,6,50.85
Pincel Plano 10 C&A,2,0.49
Pincel Plano 12 C&A,4,0.57
Pintura En Balde Azul KOLORCIX,4,11.36
Pintura En Balde Blanco Humo KOLORCIX,13,11.02
Pintura En Balde Blanco KOLORCIX,11,11.44
Pintura En Balde Fresa KOLORCIX,7,11.44
Pintura En Bolsa Amarillo KOLORCIX,11,2.5
Pintura En Bolsa Azul KOLORCIX,15,2.43
Pintura En Bolsa Celeste KOLORCIX,14,2.37
Pintura En Bolsa Crema KOLORCIX,12,2.37
Pintura En Bolsa Melon KOLORCIX,9,2.37
Pintura En Bolsa Naranja KOLORCIX,16,2.43
Pintura En Bolsa Rosado KOLORCIX,18,2.44
Pintura En Bolsa Verde Esmeralda KOLORCIX,9,2.37
Pintura En Bolsa Verde Limon KOLORCIX,15,2.5
Pintura Spray Aluminio C&A,18,3.51
Pintura Spray Amarillo Limon C&A,14,2.53
Pintura Spray Azul Claro C&A,12,2.56
Pintura Spray Blanco Brillante C&A,20,2.64
Pintura Spray Blanco Mate C&A,34,3.1
Pintura Spray Celeste C&A,11,2.81
Pintura Spray Gris C&A,25,2.48
Pintura Spray Marron C&A,8,2.67
Pintura Spray Naranja C&A,10,2.95
Pintura Spray Rojo Brillante C&A,5,2.52
Pintura Spray Silver C&A,10,2.97
Pintura Spray Verde Irlandes C&A,3,2.82
Plancha Pulir M/Goma KAMASA,8,10.17
Plomada Cilindrica Zincada S/M,3,9.04
Precinto 4.8 X 300 VARIOS,263,0.02
Precinto 4.8 X 400 VARIOS,265,0.03
Precinto 4.8 X 500 VARIOS,33,0.11
QUITA SARRO LUKAS,3,2.79
RAPIMIX ASENTADO PACASMAYO,265,7.52
RAPIMIX PARA TARRAJEO PACASMAYO,521,6.69
RASTRILLO RECTO 16 DIENTES M/MADERA TRUPER,1,26.3
REMACHADORA 10 PL SCHUBERT,1,11.86
RODILLO P/PINTAR 12 C&A,22,3.44
RODILLO P/PINTAR 12 TORO,12,14.83
RODOPLAST BEIGGE VARIOS,19,1.61
RODOPLAST MARFIL CLARO VARIOS,8,1.55
RODOPLAST NEGRO VARIOS,20,1.12
RODOPLAST VERDE SPAY VARIOS,2,1.53
Radar Automatico TAIWAN,2,22.93
Recogedor Colores Economico S/M,8,2.12
Reduccion Cpvc 3/4 A 1/2 PAVCO,22,0.79
Reduccion Pvc 1 A 1/2 INYECTOPLAST,14,0.97
Reduccion Pvc 1 a 1/2 PAVCO,69,1.62
Reduccion Pvc 1 a 3/4 INYECTOPLAST,142,1.41
Reduccion Pvc 1 a 3/4 PAVCO,34,1.88
Reduccion Pvc 3/4 A 1/2 INYECTOPLAST,1,0.78
Reduccion Pvc 3/4 A 1/2 PAVCO,36,1.36
Reduccion Sal 3 A 2 PAVCO,14,3.19
Reduccion Sal 4 A 2 PAVCO,24,3.42
Reduccion Sal 4 A 2 PLASTICA,23,2.2
Reduccion Sal 4 A 3 PAVCO,12,5.4
Registro 2 Cromado VARIOS,30,2.64
Registro 3 Cromado VARIOS,7,5.57
Registro 4 Cromado VARIOS,17,8.22
Regla De Aluminio S/M,1,8.14
Repuesto Para Corta Mayolica KAMASA,2,8.07
Rodaje P/Carretilla 2 pz TRUPER,2,2.57
Rodillo P/Pintar 9 C&A,41,2.72
Rodillo P/Pintar 9 TORO,14,12.29
Rodoplast Aluminio Brillante 11.5 Ceramica VARIOS,26,5.09
Rodoplast Aluminio Brillante 9.5 Ceramica VARIOS,8,5.15
Rodoplast Aluminio Mate 11.5 Ceramica VARIOS,25,6.36
Rodoplast Aluminio Mate 9.5 Ceramica VARIOS,12,6.47
Rodoplast Blanco VARIOS,49,1.15
Rodoplast Bone VARIOS,82,1.69
Rodoplast Champang VARIOS,9,1.53
Rodoplast Chocolate VARIOS,33,1.69
Rodoplast Crema VARIOS,33,1.45
Rodoplast Gris Claro VARIOS,4,1.53
Rodoplast Gris Oscuro VARIOS,15,1.54
Rodoplast Lila Bebe VARIOS,15,1.53
Rodoplast Madera VARIOS,14,1.7
Rodoplast Marfil Oscuro VARIOS,14,1.56
Rodoplast Marron Tabaco VARIOS,20,1.53
Rodoplast Palo Rosa VARIOS,11,1.53
Rodoplast Rojo VARIOS,25,1.61
Rodoplast Verde Nilo VARIOS,23,1.53
Rondana Circular Grande S/M,51,0.85
Rondana Circular Peq. S/M,41,0.42
Rondana Rect Peq. S/M,23,0.42
SEMICODO CPVC 1/2 SP PAVCO,66,0.97
SIERRA ACEROS AREQUIPA,98,2.61
SIKA 1 GALON X 4 LITROS SIKA,5,18.05
SILICONA BLANCO 280 ML PARA BAÐO Y COCINA SOLDIMIX,6,10.21
SILICONA PARA VIDRIO C/NEGRO 225ML KNAUF,14,4.06
SILICONA TRANSPARENTE MULTIUSOS 50GR SOLDIMIX,9,3.98
SILICONA UV 300ML FRESA SIMONIZ,1,9.88
SOCATE AEREO DE PLASTICO REFORZADO HOME LIGHT,27,0.78
SOCATE MODELO PLANO BLANCO P22BN TICINO,1,0.01
SOCATE MODELO PLANO HOME LIGHT,41,1.29
SOCATE OVALADA BLANCO TICINO,12,7.38
SOLDADURA 1/8 SUPERSITO,63.75,14.25
SOLDIMIX EXTRAFUERTE 24 HRS SOLDIMIX,12,6.21
STOVE BOLTS 5/32 X 1 1/2 PL S/M,56,0.04
STOVE BOLTS 6/32 X 1 1/2 PL S/M,734,0.04
STOVE BOLTS 6/32 X 1 PL S/M,116,0.04
STOVE BOLTS 6/32 X 2 PL S/M,136,0.05
SUPER GLUE BLISTER X 1.50 GR SOLDIMIX,29,0.32
Semicodo Cpvc 3/4 Sp PAVCO,58,1.58
Semicodo Pvc 1 Sp PAVCO,32,2.01
Semicodo Pvc 1/2 Sp PAVCO,37,1.44
Semicodo Pvc 1/2 Sp PLASTICA,79,0.53
Semicodo Pvc 3/4 Sp PAVCO,11,2.23
Semicodo Pvc 3/4 Sp TRANSFORMADO,8,0.85
Semicodo Sal 2 PAVCO,151,1.39
Semicodo Sal 2 PLASTICA,240,0.71
Semicodo Sal 3 INYECTOPLAST,22,2.12
Semicodo Sal 3 PAVCO,9,3.65
Semicodo Sal 4 PAVCO,21,5.37
Semicodo Sal 4 PLASTICA,7,3.22
Serrucho Curvo Poda 14pl M/Madera TRUPER,5,16.7
Serrucho M/Madera 18 Pl C&A,6,6.46
Sierra Naranja SANDFLEX,21,2.82
Sika x kg SIKA,28,4.41
Sikaflex 11 Fc Plus Gris 300 Ml Sika SIKA,3,19.49
Socate Colgante NEW LIGHT,81,0.69
Soda Caustica Litro KRIZZAL,9,4.24
Soda Caustica Por Kg KRIZZAL,25,8.88
Soldadura 1/8 PUNTO AZUL,132.79,13.05
Soldimix 10 Minutos SOLDIMIX,5,6.2
Sombrero De Ventilacion 2 HECHIZA,18,1.61
Sombrero De Ventilacion 4 HECHIZA,10,5.51
Sumidero 2 Cromado VARIOS,60,2.46
Sumidero 3 Cromado VARIOS,11,5.08
Sumidero 4 Cromado VARIOS,20,8.85
TAPON CPVC 1/2 HEMBRA PAVCO,4,0.47
TECNOPORT 1 1.20X2.40 MTS(PAQ 38UNID) S/M,63,7.25
TECNOPORT 1/2 1.20X2.40 MTS(PAQ 76UNID) S/M,178,3.6
TECNOPORT T/12 X0.30X1.20 (64 UNID) S/M,192,4.58
TEE PVC 1 SP PLASTICA,43,1.7
TEE PVC 3/4 CR PLASTICA PLASTICA,25,1.61
TEE SAL 2 PLASTICA,98,1.54
TEE SAL 3 A 2 PAVCO,11,6.84
TEE SAL 4 A 3 PAVCO,7,12.58
TEE SAL SANITARIA 2 PLASTICA,5,2.12
TEE SAL SANITARIA 4 PLASTICA,3,7.74
TERMINAL DE OJO BRONCE S/M,100,0.25
TERMINAL MACHO BRONCE S/M,100,0.17
THINER ACRILICO FMQ FM,7,12.26
THINER ACRILICO PATRON AC-450 2.8 LTRS TORVISCO,2,13.56
THINER ACRILICO TX-500 X 1/2 LITRO LOSARO,7,2.8
TIJERA P/HOJALATERO 12 M/REFORZADA C&A,7,9.09
TIMBRE DING DONG HOME LIGHT,2,4.36
TIRAFON HEX 1/4 X 1 1/2 S/M,530,0.08
TIRALINEA 30 MT 3 PZAS C&A,1,6.94
TIZA BLANCA PARA PIZARRA CAJA X 50UNID S/M,246,0.08
TOMACORRIENTE DOBLE P/SOBREPONER CON PUESTA A TIERRA HOME LIGHT,91,1.91
TOMACORRIENTE DOBLE/EMPOT CON PUESTA A TIERRA HOME LIGHT,99,1.87
TOMACORRIENTE SIMPLE P/EMPOTRADO HOME LIGHT,64,1.46
TOMACORRIENTE TRIPLE P/EMPOTRADO HOME LIGHT,108,1.73
TOMACORRIENTE TRIPLE SOBREPONER TICINO,67,11.55
TORNILLO AUTOPERFORANTE #10 X 1 1/2 UYUSTOOLS,1988,0.05
TORNILLO SPACK 3.5X25 S/M,306,0.02
TORNILLO SPACK 5X25 S/M,237,0.03
TRAMPA BOTELLA PVC P/LAVATORIO SANIFER,11,6.06
TRAMPA FLEXIBLE Y DESAGUE P/LAV 1.1/4 HYDRA,5,8.14
TRIPLAY 3.5MM TIPO LUPUNA 1.22 X2.44 LUPUNA,57,18.43
TRIPLAY 6MM TIPO LUPUNA 1.22 X 2.44 LUPUNA,23,32.63
TRIPLAY FENOLICO 17 MM 1.22 X 2.44 ECOPLEX,10,62.29
TROMPITO PARA CAÐO S/M,79,0.1
TUBO PVC C-10 1 C/R PLASTICA,15,16.19
TUBO PVC C-10 1/2 SP PLASTICA,82,5.97
TUBO PVC C-10 3/4 SP PLASTICA,6,6.36
TUBO SAL 4 PLASTICA,125,15.42
TUBO SAL 6 S-25 NARANJA 160MM UF X6 MT KOPLAST,2,76.07
TUBO SEL LUZ 1 PLASTICA,14,3.39
TUBO SEL LUZ 3/4 BLANCO PLASTICA,336,1.81
TUBO SEL LUZ 5/8 PLASTICA,46,1.95
Tanque Eternit Arena 1100 Lts ETERNIT,2,481.36
Tanque Eternit Azul 1100 Lts ETERNIT,8,423.73
Tapa Ciega Circular S/M,69,0.19
Tapa Ciega Rectangular S/M,83,0.19
Tapon Cpvc 3/4 Hembra PAVCO,34,0.71
Tapon De Oidos S/M,7,1.25
Tapon Hembra Pvc 1 C/Rosca PAVCO,71,1.61
Tapon Hembra Pvc 1 SP INYECTOPLAST,50,0.59
Tapon Hembra Pvc 1 Sp PAVCO,49,1.85
Tapon Hembra Pvc 1/2 C/Rosca GERFOR,48,0.34
Tapon Hembra Pvc 1/2 C/Rosca PAVCO,62,1.09
Tapon Hembra Pvc 1/2 Sp INYECTOPLAST,89,0.22
Tapon Hembra Pvc 1/2 Sp PAVCO,52,0.93
Tapon Hembra Pvc 3/4 C/Rosca PAVCO,23,0.76
Tapon Hembra Pvc 3/4 Sp INYECTOPLAST,12,0.68
Tapon Hembra Pvc 3/4 Sp PAVCO,25,1.37
Tapon Macho 1/2 FIERRO G,50,0.88
Tapon Macho Pvc 1 Vinduit PAVCO,22,1.95
Tapon Macho Pvc 1/2 PAVCO,53,1.18
Tapon Macho Pvc 1/2 PLASTICA,37,0.5
Tapon Macho Pvc 3/4 GERFOR,25,0.85
Tapon Macho Pvc 3/4 Vinduit PAVCO,131,1.19
Tapon Sal 2 PAVCO,38,0.94
Tapon Sal 3 PAVCO,25,1.34
Tapon Sal 4 INYECTOPLAST,153,1
Tarugo Azul S/M,914,0.02
Tarugo Naranja S/M,585,0.02
Tarugo Verde S/M,1000,0.02
Tecnoport 3/4 1.20x2.40 Mts S/M,140,5.44
Tee Bronce 1/2 VALMAX,24,2.39
Tee Cpvc 1/2 Sp PAVCO,46,1.1
Tee Cpvc 3/4 Sp PAVCO,40,2.36
Tee Fierro G. 1/2 FIERRO G,38,1.02
Tee Fierro G. 3/4 FIERRO G,5,1.78
Tee Pvc 1 C/Rosca PAVCO,13,4.1
Tee Pvc 1 C/Rosca PLASTICA,23,2.54
Tee Pvc 1 Sp PAVCO,60,5.29
Tee Pvc 1/2 C/Rosca NICOL,27,0.68
Tee Pvc 1/2 C/Rosca PAVCO,48,1.27
Tee Pvc 1/2 Sp PAVCO,108,1.86
Tee Pvc 1/2 Sp PLASTICA,110,0.75
Tee Pvc 3/4 C/Rosca PAVCO,53,2.88
Tee Pvc 3/4 S/p PLASTICA,51,1.1
Tee Pvc 3/4 Sp PAVCO,39,2.8
Tee Sal 2 PAVCO,50,2.8
Tee Sal 3 PAVCO,13,8.6
Tee Sal 3 PLASTICA,6,0
Tee Sal 4 A 2 PAVCO,24,6.78
Tee Sal 4 A 2 PLASTICA,22,3.64
Tee Sal 4 PAVCO,22,8.54
Tee Sal 4 PLASTICA,22,5.08
Tee Sal En Cruz 2 PAVCO,52,0.85
Tee Sal Sanitaria 2 PAVCO,20,3.7
Tee Sal Sanitaria 4 PAVCO,34,15.41
Thiner Acrilico Economico Por Litro FM,8,4.66
Tierra Cultivo S/M,3.5,29.66
Tirafon 1/4x 1 S/M,400,0.05
Tirafon Hex 1/4 X 3 S/M,66,0.19
Tirafon Hex 1/4 x 2 1/2 S/M,1119,0.15
Tirafon Hex 1/4 x 2 S/M,417,0.08
Tirafon Hex 1/4 x 4 S/M,251,0.21
Tiralinea 30M Cuerpo De Plastico Y Nivel TRUPER,12,8.84
Tomacorriente Doble P/Empotrado TICINO,19,13.49
Tomacorriente Doble/Emp HOME LIGHT,116,1.75
Tomacorriente Simple Emp SCHNEIDER,6,3.48
Tomacorriente Simple P/Empotrado TICINO,15,8.05
Tomacorriente Simple P/Sobre HOME LIGHT,76,0.94
Tomacorriente Triple Sobreponer HOME LIGHT,57,1.54
Tortol 3/8 S/M,12,1.7
Trampa Flexible Y Desague P/Lav 1.1/4-1.1/2 C&A,10,5.13
Trampa P 2 PAVCO,7,8.18
Trampa Para Noque Sin Hueco TITOMAX,20,4.66
Trapeador Microfibra 4575 Cm S/M,13,3.03
Tubo Abasto P/Inodoro 7/8 Naylon C&A,18,1.52
Tubo Abasto P/Lavatorio 1/2 Nylon C&A,31,1.87
Tubo Cpvc 1/2 Sp PAVCO,9,19.92
Tubo Cpvc 3/4 Sp PAVCO,20,33.47
Tubo Pvc C-10 1 C/r PAVCO,11,27.95
Tubo Pvc C-10 1 Sp PAVCO,30,16.95
Tubo Pvc C-10 1 Sp PLASTICA,26,8.47
Tubo Pvc C-10 1/2 C/R PAVCO,31,14.41
Tubo Pvc C-10 1/2 C/R PLASTICA,24,8.22
Tubo Pvc C-10 1/2 Sp PAVCO,46,10.76
Tubo Pvc C-10 3/4 C/R GERFOR,1,11.61
Tubo Pvc C-10 3/4 C/R PLASTICA,9,10.17
Tubo Pvc C-10 3/4 Sp PAVCO,7,12.8
Tubo Sal 2 PAVCO,86,10.59
Tubo Sal 2 PLASTICA,56,5.59
Tubo Sal 3 PAVCO,19,27.12
Tubo Sal 3 PLASTICA,19,11.36
Tubo Sal 4 PAVCO,129,28.39
Tubo Sel Luz 1 PAVCO,56,7.12
Tubo Sel Luz 3/4 PAVCO,127,4.07
Tubo Sel Luz 5/8 PAVCO,50,4.92
Tuercas Hex 1/4 Zinc S/M,1836,0.08
UNION CPVC 3/4 SP PAVCO,32,0.95
UNION PVC 1 C/R INYECTOPLAST,12,1.27
UNION PVC 1 SP PLASTICA,60,0.9
UNION PVC 3/4 SP HECHIZA,120,0.42
UNION UNIVERSAL 3/4 PVC ERA,24,2.12
UNION UNIVERSAL CPVC 1/2 PAVCO,3,7.27
Union Bronce 1/2 VALMAX,58,1.91
Union Cpvc 1/2 Sp PAVCO,18,0.72
Union Fierro G. 1 FIERRO G,9,1.53
Union Fierro G. 1/2 FIERRO G,65,0.68
Union Pvc 1 C/R PAVCO,20,2.48
Union Pvc 1 Mixta INYECTOPLAST,10,1.3
Union Pvc 1 Mixta PAVCO,21,2.07
Union Pvc 1 Sp PAVCO,44,2.48
Union Pvc 1/2 C/R NICOL,23,0.42
Union Pvc 1/2 C/R PAVCO,23,1.32
Union Pvc 1/2 Mixta PAVCO,25,1.27
Union Pvc 1/2 Mixta PLASTICA,42,0.68
Union Pvc 1/2 SP PLASTICA,85,0.31
Union Pvc 1/2 Sp HECHIZA,138,0.17
Union Pvc 1/2 Sp PAVCO,66,0.95
Union Pvc 3/4 C/R PAVCO,48,1.81
Union Pvc 3/4 C/R PLASTICA,22,1.35
Union Pvc 3/4 Mixta PAVCO,18,1.8
Union Pvc 3/4 Sp PAVCO,94,1.6
Union Pvc 3/4 Sp PLASTICA,15,0.57
Union Sal 2 HECHIZA,4,0.59
Union Sal 2 PAVCO,11,1.27
Union Sal 3 PAVCO,17,2.73
Union Sal 4 PAVCO,7,4.58
Union Universal 1/2 PAVCO,59,2.19
Union Universal 1/2 PCP,85,2.03
Union Univesal 1 PAVCO,30,4.08
Union Univesal 3/4 PAVCO,34,3.05
U±as Para Lavatorio Aluminio S/M,5,1.78
U±as Para Lavatorio Fierro Fundido S/M,16,3.05
VALVULA CHECK SWING HORIZONTAL 1/2 SWIFT,10,7.43
VALVULA GAS 24 LB 2G GASPER,12,13.98
VIDRIO PARA SOLDAR 12 NEGRO S/M,41,0.55
Valvula Che 1 ROTOPLAST,8,14.14
Valvula Check Swing 1 Asiento Goma CIM,5,71.1
Valvula Gas Equipada C/Manguera SURGE,12,12.29
Vidrio Para Soldar 11 Negro S/M,4,0.55
WALL SOCATE OVALADO VARGYOV,16,1.53
WINCHA 5 METROS PRETUL,4,4.25
WINCHA 5 MT C/PROTECTOR KAMASA,3,5.08
WINCHA 5MTS WINGS,6,3.15
WINCHA AUTO-LOCK 5 MTS C/AMARILLA TRUPER,6,10.27
WINCHA AUTO-LOCK 8 MTS C/AMARILLA TRUPER,2,18.41
WINCHA PASACABLE X 10 METROS TRUPER,5,6.07
WINCHA PASACABLE X 15 METROS TRUPER,1,9.32
WINCHA PASACABLE X 20 METROS TRUPER,9,8.39
YESO BOLSA X 15 KG S/M,740,2.8
YESO CERAMICO X 1KG KOLORCIX,25,2.44
Yee Sal 2 PAVCO,49,3.39
Yee Sal 2 PLASTICA,77,2.05
Yee Sal 3 PAVCO,9,6.71
Yee Sal 3 PLASTICA,12,3.07
Yee Sal 4 A 2 PAVCO,18,7.55
Yee Sal 4 A 2 PLASTICA,5,3.31
Yee Sal 4 A 3 PAVCO,8,10.17
Yee Sal 4 PAVCO,18,12.37
Yee Sal 4 PLASTICA,13,7.9
Yeso Por Kg S/M,2,0.17
ZAPAPICO 5 LBS C/NEGRO C&A,5,12.07
